stationName,lat,long,crsCode,iataAirportCode,constituentCountry
Abbey Wood,51.490719,0.120343,ABW,,england
Aber,51.574866,-3.229810,ABE,,wales
Abercynon,51.64262,-3.329549,ACY,,wales
Aberdare,51.713751,-3.439503,ABA,,wales
Aberdeen,57.142649,-2.097635,ABD,,scotland
Aberdour,56.054646,-3.300575,AUR,,scotland
Aberdovey,52.544349,-4.056316,AVY,,wales
Abererch,52.898567,-4.37423,ABH,,wales
Abergavenny,51.817435,-3.009013,AGV,,wales
Abergele & Pensarn,53.294587,-3.582653,AGL,,wales
Aberystwyth,52.414017,-4.081946,AYW,,wales
Accrington,53.753193,-2.370016,ACR,,england
Achanalt,57.609921,-4.914243,AAT,,scotland
Achnasheen,57.579205,-5.072421,ACN,,scotland
Achnashellach,57.482028,-5.333322,ACH,,scotland
Acklington,55.307129,-1.651816,ACK,,england
Acle,52.634647,1.543981,ACL,,england
Acocks Green,52.449291,-1.81898,ACG,,england
Acton Bridge,53.265961,-2.602689,ACB,,england
Acton Central,51.508716,-0.262807,ACC,,england
Acton Main Line,51.516865,-0.26762,AML,,england
Adderley Park,52.483064,-1.855415,ADD,,england
Addiewell,55.843449,-3.60655,ADW,,scotland
Addlestone,51.373113,-0.484508,ASN,,england
Adisham,51.241352,1.199277,ADM,,england
Adlington (Cheshire),53.319542,-2.133571,ADC,,england
Adlington (Lancashire),53.612926,-2.603084,ADL,,england
Adwick,53.571932,-1.179890,AWK,,england
Aigburth,53.364614,-2.927041,AIG,,england
Ainsdale,53.601818,-3.042691,ANS,,england
Aintree,53.473995,-2.956687,AIN,,england
Airbles,55.782066,-3.994700,AIR,,scotland
Airdrie,55.864029,-3.982952,ADR,,scotland
Albany Park,51.435384,0.125965,AYP,,england
Albrighton,52.637917,-2.268913,ALB,,england
Alderley Edge,53.303762,-2.236812,ALD,,england
Aldermaston,51.402047,-1.136972,AMT,,england
Aldershot,51.246283,-0.759909,AHT,,england
Aldrington,50.836601,-0.182151,AGT,,england
Alexandra Palace,51.598225,-0.120129,AAP,,england
Alexandra Parade,55.863615,-4.210669,AXP,,scotland
Alexandria,55.98513,-4.577534,ALX,,scotland
Alfreton,53.101058,-1.369840,ALF,,england
Allens West,54.524557,-1.361652,ALW,,england
Alloa,56.117939,-3.788325,ALO,,scotland
Alness,57.694477,-4.249743,ASS,,scotland
Alnmouth,55.392456,-1.636858,ALM,,england
Alresford,51.853828,0.997114,ALR,,england
Alsager,53.093054,-2.29861,ASG,,england
Althorne,51.647785,0.751797,ALN,,england
Althorpe,53.585262,-0.732558,ALP,,england
Altnabreac,58.388125,-3.706148,ABC,,scotland
Alton,51.151947,-0.967658,AON,,england
Altrincham,53.3874,-2.347212,ALT,,england
Alvechurch,52.346607,-1.967854,ALV,,england
Ambergate,53.060501,-1.4807,AMB,,england
Amberley,50.896507,-0.542446,AMY,,england
Amersham,51.674087,-0.607364,AMR,,england
Ammanford,51.795933,-3.996783,AMF,,wales
Ancaster,52.987888,-0.535596,ANC,,england
Anderston,55.859774,-4.270259,AND,,scotland
Andover,51.211559,-1.492777,ADV,,england
Anerley,51.412577,-0.065494,ANZ,,england
Angmering,50.816515,-0.488127,ANG,,england
Annan,54.98386,-3.262603,ANN,,scotland
Anniesland,55.889553,-4.321684,ANL,,scotland
Ansdell & Fairhaven,53.741558,-2.993077,AFV,,england
Apperley Bridge,53.842044,-1.707071,APY,,england
Appleby,54.58032,-2.486692,APP,,england
Appledore (Kent),51.033287,0.816576,APD,,england
Appleford,51.639562,-1.242375,APF,,england
Appley Bridge,53.578708,-2.719579,APB,,england
Apsley,51.732365,-0.462989,APS,,england
Arbroath,56.559628,-2.588928,ARB,,scotland
Ardgay,57.881570,-4.362216,ARD,,scotland
Ardlui,56.302025,-4.721712,AUI,,scotland
Ardrossan Harbour,55.639509,-4.820251,ADS,,scotland
Ardrossan South Beach,55.641110,-4.800535,ASB,,scotland
Ardrossan Town,55.640213,-4.812076,ADN,,scotland
Ardwick,53.47134,-2.213893,ADK,,england
Argyle Street,55.857625,-4.250584,AGS,,scotland
Arisaig,56.912617,-5.839141,ARG,,scotland
Arlesey,52.025938,-0.266178,ARL,,england
Armadale,55.886530,-3.692962,ARM,,scotland
Armathwaite,54.809611,-2.77209,AWT,,england
Arnside,54.202601,-2.828067,ARN,,england
Arram,53.884567,-0.426833,ARR,,england
Arrochar & Tarbet,56.203303,-4.723117,ART,,scotland
Arundel,50.848003,-0.546796,ARU,,england
Ascot,51.406246,-0.676778,ACT,,england
Ascott-Under-Wychwood,51.867376,-1.564136,AUW,,england
Ash,51.249730,-0.712915,ASH,,england
Ash Vale,51.272709,-0.721247,AHV,,england
Ashburys,53.471761,-2.194991,ABY,,england
Ashchurch for Tewkesbury,51.999026,-2.108730,ASC,,england
Ashfield,55.888840,-4.248459,ASF,,scotland
Ashford International,51.14335294,0.875167251,AFK,,england
Ashford Surrey,51.436496,-0.468313,AFS,,england
Ashington,55.182,-1.573,ASL,,england
Ashley,53.355984,-2.341029,ASY,,england
Ashley Down,51.478131,-2.576651,ASD,,england
Ashtead,51.317923,-0.307391,AHD,,england
Ashton-Under-Lyne,53.491264,-2.093415,AHN,,england
Ashurst Kent,51.128601,0.152298,AHS,,england
Ashurst New Forest,50.889846,-1.526457,ANF,,england
Ashwell & Morden,52.030586,-0.10934,AWM,,england
Askam,54.189049,-3.204545,ASK,,england
Aslockton,52.951351,-0.898541,ALK,,england
Aspatria,54.759338,-3.331752,ASP,,england
Aspley Guise,52.021205,-0.632693,APG,,england
Aston,52.504420,-1.872038,AST,,england
Atherstone,52.578520,-1.552366,ATH,,england
Atherton,53.529076,-2.477834,ATN,,england
Attadale,57.394479,-5.455396,ATT,,scotland
Attenborough,52.906322,-1.231262,ATB,,england
Attleborough,52.514214,1.022719,ATL,,england
Auchinleck,55.469874,-4.295961,AUK,,scotland
Audley End,52.004398,0.20719,AUD,,england
Aughton Park,53.55447,-2.895095,AUG,,england
Aviemore,57.188278,-3.828880,AVM,,scotland
Avoncliff,51.339596,-2.281342,AVF,,england
Avonmouth,51.499722,-2.698862,AVN,,england
Axminster,50.778976,-3.005613,AXM,,england
Aylesbury,51.813429,-0.814315,AYS,,england
Aylesbury Vale Parkway,51.831278,-0.859831,AVP,,england
Aylesford,51.301384,0.465964,AYL,,england
Aylesham,51.227185,1.209682,AYH,,england
Ayr,55.458267,-4.625827,AYR,,scotland
Bache,53.208262,-2.891395,BAC,,england
Baglan,51.614316,-3.809365,BAJ,,wales
Bagshot,51.364334,-0.688504,BAG,,england
Baildon,53.850203,-1.753703,BLD,,england
Baillieston,55.844513,-4.113717,BIO,,scotland
Balcombe,51.055596,-0.137032,BAB,,england
Baldock,51.993156,-0.188106,BDK,,england
Balham,51.442828,-0.151443,BAL,,england
Balloch Central,56.002363,-4.583284,BHC,,scotland
Balmossie,56.474733,-2.838347,BSI,,scotland
Bamber Bridge,53.726772,-2.660793,BMB,,england
Bamford,53.338985,-1.689078,BAM,,england
Banavie,56.843845,-5.095898,BNV,,scotland
Banbury,52.060925,-1.327541,BAN,,england
Bangor (Gwynedd),53.222902,-4.135505,BNG,,wales
Bank Hall,53.437897,-2.987805,BAH,,england
Banstead,51.329432,-0.213720,BAD,,england
Barassie,55.561603,-4.651455,BSS,,scotland
Bardon Mill,54.974544,-2.345071,BLL,,england
Bare Lane,54.074473,-2.835331,BAR,,england
Bargeddie,55.851300,-4.073752,BGI,,scotland
Bargoed,51.692748,-3.229824,BGD,,wales
Barking,51.540268,0.079324,BKG,,england
Barking Riverside,51.519558,0.116013,BGV,,england
Barlaston,52.942856,-2.168118,BRT,,england
Barming,51.284904,0.479428,BMG,,england
Barmouth,52.72287,-4.056641,BRM,,wales
Barnehurst,51.465021,0.159647,BNH,,england
Barnes,51.467014,-0.240711,BNS,,england
Barnes Bridge,51.472012,-0.252633,BNI,,england
Barnetby,53.575013,-0.409761,BTB,,england
Barnham,50.830745,-0.640204,BAA,,england
Barnhill,55.877895,-4.223463,BNL,,scotland
Barnsley,53.554410,-1.477276,BNY,,england
Barnstaple,51.073609,-4.063024,BNP,,england
Barnt Green,52.360970,-1.992500,BTG,,england
Barrhead,55.803986,-4.397109,BRR,,scotland
Barrhill,55.097528,-4.782139,BRL,,scotland
Barrow Haven,53.697455,-0.392889,BAV,,england
Barrow Upon Soar,52.749431,-1.145491,BWS,,england
Barrow-In-Furness,54.118879,-3.22614,BIF,,england
Barry,51.396729,-3.285023,BRY,,wales
Barry Docks,51.402393,-3.260749,BYD,,wales
Barry Island,51.392313,-3.274211,BYI,,wales
Barry Links,56.493206,-2.745444,BYL,,scotland
Barton-On-Humber,53.688824,-0.443233,BAU,,england
Basildon,51.568142,0.456796,BSO,,england
Basingstoke,51.268424,-1.088559,BSK,,england
Bat & Ball,51.289703,0.194258,BBL,,england
Bath Spa,51.377602,-2.356719,BTH,,england
Bathgate,55.897105,-3.636274,BHG,,scotland
Batley,53.710208,-1.623011,BTL,,england
Battersby,54.457687,-1.092945,BTT,,england
Battersea Park,51.477610,-0.147585,BAK,,england
Battle,50.91312,0.495169,BAT,,england
Battlesbridge,51.624805,0.565826,BLB,,england
Bayford,51.757901,-0.095727,BAY,,england
Beaconsfield,51.611141,-0.643644,BCF,,england
Bearley,52.244974,-1.749763,BER,,england
Bearsden,55.917202,-4.332945,BRN,,scotland
Bearsted,51.275589,0.57786,BSD,,england
Beasdale,56.900074,-5.763922,BSL,,scotland
Beaulieu Park,51.757694,0.519496,BPA,,england
Beaulieu Road,50.855048,-1.504971,BEU,,england
Beauly,57.478,-4.4698,BEL,,scotland
Bebington,53.357651,-3.003659,BEB,,england
Beccles,52.458481,1.569547,BCC,,england
Beckenham Hill,51.424767,-0.016497,BEC,,england
Beckenham Junction,51.411062,-0.025987,BKJ,,england
Bedford,52.136175,-0.47945,BDM,,england
Bedford St Johns,52.129299,-0.467348,BSJ,,england
Bedhampton,50.853985,-0.996272,BDH,,england
Bedlington,55.140758,-1.569415,BEJ,,england
Bedminster,51.440606,-2.593629,BMT,,england
Bedworth,52.479133,-1.46749,BEH,,england
Bedwyn,51.379715,-1.599077,BDW,,england
Beeston,52.920551,-1.207211,BEE,,england
Bekesbourne,51.261403,1.137230,BKS,,england
Belle Vue,53.461473,-2.180073,BLV,,england
Bellgrove,55.856703,-4.224336,BLG,,scotland
Bellingham,51.432831,-0.019519,BGM,,england
Bellshill,55.817060,-4.024330,BLH,,scotland
Belmont,51.343896,-0.198785,BLM,,england
Belper,53.024555,-1.482622,BLP,,england
Beltring,51.204651,0.403518,BEG,,england
Belvedere,51.492227,0.153367,BVD,,england
Bempton,54.127791,-0.180715,BEM,,england
Ben Rhydding,53.926167,-1.797429,BEY,,england
Benfleet,51.543964,0.561273,BEF,,england
Bentham,54.115791,-2.510918,BEN,,england
Bentley (Hampshire),51.181225,-0.868198,BTY,,england
Bentley (South Yorkshire),53.543710,-1.150718,BYK,,england
Bere Alston,50.485535,-4.200418,BAS,,england
Bere Ferrers,50.450798,-4.181901,BFE,,england
Berkhamsted,51.763638,-0.562498,BKM,,england
Berkswell,52.396084,-1.641790,BKW,,england
Bermuda Park,52.5029,-1.4726,BEP,,england
Berney Arms,52.590258,1.631071,BYA,,england
Berry Brow,53.621057,-1.793569,BBW,,england
Berrylands,51.399008,-0.280911,BRS,,england
Berwick (Sussex),50.840486,0.165724,BRK,,england
Berwick-Upon-Tweed,55.774555,-2.010542,BWK,,england
Bescar Lane,53.623531,-2.914703,BES,,england
Bescot Stadium,52.562702,-1.991116,BSC,,england
Betchworth,51.247993,-0.26771,BTO,,england
Bethnal Green,51.523887,-0.059592,BET,,england
Betws-Y-Coed,53.092687,-3.800542,BYC,,wales
Beverley,53.842161,-0.422899,BEV,,england
Bexhill,50.840679,0.475678,BEX,,england
Bexley,51.440238,0.147949,BXY,,england
Bexleyheath,51.463493,0.133471,BXH,,england
Bicester North,51.903291,-1.149781,BCS,,england
Bicester Village,51.892413,-1.149376,BIT,,england
Bickley,51.40033,0.044272,BKL,,england
Bidston,53.40913,-3.078589,BID,,england
Biggleswade,52.085068,-0.260294,BIW,,england
Bilbrook,52.623964,-2.187305,BBK,,england
Billericay,51.628834,0.418656,BIC,,england
Billingham,54.605715,-1.279537,BIL,,england
Billingshurst,51.015133,-0.449506,BIG,,england
Bingham,52.954219,-0.951285,BIN,,england
Bingley,53.848715,-1.837164,BIY,,england
Birchgrove,51.521535,-3.202460,BCG,,wales
Birchington-On-Sea,51.377502,1.300904,BCH,,england
Birchwood,53.412782,-2.525139,BWD,,england
Birkbeck,51.403847,-0.056218,BIK,,england
Birkdale,53.633514,-3.014742,BDL,,england
Birkenhead Central,53.388244,-3.020897,BKC,,england
Birkenhead Hamilton Square,53.39469,-3.01365,BKQ,,england
Birkenhead North,53.404819,-3.057425,BKN,,england
Birkenhead Park,53.397417,-3.03927,BKP,,england
Birmingham International,52.450673,-1.725149,BHI,,england
Birmingham Moor Street,52.479053,-1.892483,BMO,,england
Birmingham New Street,52.477646,-1.898694,BHM,,england
Birmingham Snow Hill,52.483555,-1.899833,BSW,,england
Bishop Auckland,54.657482,-1.677545,BIA,,england
Bishopbriggs,55.903927,-4.224958,BBG,,scotland
Bishops Stortford,51.866692,0.16557,BIS,,england
Bishopstone (Sussex),50.78,0.0824,BIP,,england
Bishopton,55.902358,-4.500800,BPT,,scotland
Bitterne,50.918149,-1.376939,BTE,,england
Blackburn,53.746513,-2.479135,BBN,,england
Blackheath,51.465706,0.008317,BKH,,england
Blackhorse Road,51.586717,-0.041645,BHO,,england
Blackpool North,53.822937,-3.048373,BPN,,england
Blackpool Pleasure Beach,53.788154,-3.053856,BPB,,england
Blackpool South,53.798611,-3.049081,BPS,,england
Blackridge,55.884383,-3.750280,BKR,,scotland
Blackrod,53.591522,-2.56954,BLK,,england
Blackwater,51.33176,-0.777023,BAW,,england
Blaenau Ffestiniog,52.994690,-3.938464,BFF,,wales
Blair Atholl,56.765271,-3.849705,BLA,,scotland
Blairhill,55.866653,-4.04221,BAI,,scotland
Blake Street,52.604378,-1.844660,BKT,,england
Blakedown,52.406791,-2.176394,BKD,,england
Blantyre,55.7976,-4.086466,BLT,,scotland
Blaydon,54.965813,-1.712578,BLO,,england
Bleasby,53.041480,-0.943561,BSB,,england
Bletchley,51.995339,-0.736368,BLY,,england
Bloxwich,52.61853,-2.011783,BLX,,england
Bloxwich North,52.625323,-2.017538,BWN,,england
Blundellsands & Crosby,53.487675,-3.039889,BLN,,england
Blyth Bebside,55.125,-1.5571,BLI,,england
Blythe Bridge,52.968124,-2.066966,BYB,,england
Bodmin Parkway,50.445822,-4.663026,BOD,,england
Bodorgan,53.204189,-4.416291,BOR,,wales
Bognor Regis,50.787689,-0.675748,BOG,,england
Bogston,55.937185,-4.712276,BGS,,scotland
Bolton,53.573516,-2.425126,BON,,england
Bolton-On-Dearne,53.518815,-1.311486,BTD,,england
Bond Street,51.513535,-0.147091,BDS,,england
Bookham,51.288835,-0.383875,BKA,,england
Bootle (Cumbria),54.291182,-3.393836,BOC,,england
Bootle New Strand,53.452785,-2.994616,BNW,,england
Bootle Oriel Road,53.446559,-2.995791,BOT,,england
Bordesley,52.471844,-1.877771,BBS,,england
Borough Green & Wrotham,51.29295,0.306296,BRG,,england
Borth,52.491001,-4.050236,BRH,,wales
Bosham,50.842856,-0.847168,BOH,,england
Boston,52.978108,-0.031320,BSN,,england
Botley,50.916748,-1.258809,BOE,,england
Bottesford,52.944687,-0.794966,BTF,,england
Bourne End,51.576914,-0.710798,BNE,,england
Bournemouth,50.727478,-1.863955,BMH,,england
Bournville,52.427389,-1.926668,BRV,,england
Bow Brickhill,52.004216,-0.696218,BWB,,england
Bow Street,52.439914,-4.03036,BOW,,wales
Bowes Park,51.607186,-0.120485,BOP,,england
Bowling,55.931055,-4.492918,BWG,,scotland
Box Hill & Westhumble,51.253987,-0.328672,BXW,,england
Bracknell,51.413319,-0.751833,BCE,,england
Bradford Forster Square,53.797473,-1.753215,BDQ,,england
Bradford Interchange,53.790494,-1.749125,BDI,,england
Bradford-On-Avon,51.345058,-2.252669,BOA,,england
Brading,50.678509,-1.13801,BDN,,england
Braintree,51.875310,0.556730,BTR,,england
Braintree Freeport,51.869316,0.568258,BTP,,england
Bramhall,53.359959,-2.162249,BML,,england
Bramley (Hants),51.32988,-1.061265,BMY,,england
Bramley (West Yorkshire),53.805352,-1.637222,BLE,,england
Brampton (Cumbria),54.932154,-2.703850,BMP,,england
Brampton (Suffolk),52.395397,1.543871,BRP,,england
Branchton,55.940647,-4.803598,BCN,,scotland
Brandon,52.453879,0.624439,BND,,england
Branksome,50.727033,-1.919372,BSM,,england
Braystones,54.439508,-3.541971,BYS,,england
Bredbury,53.422939,-2.109823,BDY,,england
Breich,55.827546,-3.667260,BRC,,scotland
Brent Cross West,51.5687,-0.2269,BCZ,,england
Brentford,51.487804,-0.309048,BFD,,england
Brentwood,51.61322,0.30083,BRE,,england
Bricket Wood,51.705223,-0.358846,BWO,,england
Bridge of Allan,56.156746,-3.957286,BEA,,scotland
Bridge of Orchy,56.516395,-4.764319,BRO,,scotland
Bridgend,51.507110,-3.575259,BGN,,wales
Bridgeton,55.848326,-4.224818,BDG,,scotland
Bridgwater,51.128025,-2.99031,BWT,,england
Bridlington,54.084065,-0.200369,BDT,,england
Brierfield,53.824367,-2.236243,BRF,,england
Brigg,53.549137,-0.486094,BGG,,england
Brighouse,53.698165,-1.779336,BGH,,england
Brighton,50.828860,-0.140739,BTN,,england
Brimsdown,51.655224,-0.031022,BMD,,england
Brinnington,53.431881,-2.134097,BNT,,england
Bristol Parkway,51.513881,-2.542979,BPW,,england
Bristol Temple Meads,51.449099,-2.580403,BRI,,england
Brithdir,51.709801,-3.228129,BHD,,wales
Briton Ferry,51.638122,-3.819984,BNF,,wales
Brixton,51.462895,-0.113347,BRX,,england
Broad Green,53.40654,-2.893267,BGE,,england
Broadbottom,53.440968,-2.01653,BDB,,england
Broadstairs,51.360653,1.43317,BSR,,england
Brockenhurst,50.816708,-1.574112,BCU,,england
Brockholes,53.597149,-1.770299,BHS,,england
Brockley,51.464229,-0.037613,BCY,,england
Brockley Whins,54.959519,-1.460684,BNR,,england
Bromborough,53.322146,-2.987058,BOM,,england
Bromborough Rake,53.330277,-2.990223,BMR,,england
Bromley Cross,53.613954,-2.410835,BMC,,england
Bromley North,51.408894,0.017325,BMN,,england
Bromley South,51.399887,0.018374,BMS,,england
Bromsgrove,52.320158,-2.049979,BMV,,england
Brondesbury,51.545049,-0.202596,BSY,,england
Brondesbury Park,51.540514,-0.210336,BSP,,england
Brookmans Park,51.720955,-0.204811,BPK,,england
Brookwood,51.303215,-0.635753,BKO,,england
Broome,52.423152,-2.884482,BME,,england
Broomfleet,53.740131,-0.673328,BMF,,england
Brora,58.013143,-3.852342,BRA,,scotland
Brough,53.726933,-0.578149,BUH,,england
Broughty Ferry,56.467643,-2.873986,BYF,,scotland
Broxbourne,51.746826,-0.010626,BXB,,england
Bruce Grove,51.593711,-0.070005,BCV,,england
Brundall,52.619747,1.439316,BDA,,england
Brundall Gardens,52.623035,1.418896,BGA,,england
Brunstane,55.941999,-3.100870,BSU,,scotland
Brunswick,53.383218,-2.976016,BRW,,england
Bruton,51.111584,-2.447103,BRU,,england
Bryn,53.499893,-2.647233,BYN,,england
Buckenham,52.597696,1.470210,BUC,,england
Buckley,53.162535,-3.055185,BCK,,wales
Bucknell,52.357277,-2.947694,BUK,,england
Buckshaw Parkway,53.672955,-2.658985,BSV,,england
Bugle,50.399979,-4.791736,BGL,,england
Builth Road,52.169289,-3.427068,BHR,,wales
Bulwell,52.999344,-1.195396,BLW,,england
Bures,51.97094,0.769021,BUE,,england
Burgess Hill,50.953552,-0.127749,BUG,,england
Burley Park,53.812060,-1.577847,BUY,,england
Burley-In-Wharfedale,53.908112,-1.753363,BUW,,england
Burnage,53.422126,-2.215158,BNA,,england
Burneside,54.355518,-2.767351,BUD,,england
Burnham,51.523538,-0.647335,BNM,,england
Burnham-On-Crouch,51.633526,0.813459,BUU,,england
Burnley Barracks,53.791237,-2.258014,BUB,,england
Burnley Central,53.793776,-2.244644,BNC,,england
Burnley Manchester Road,53.784962,-2.248883,BYM,,england
Burnside,55.816939,-4.203124,BUI,,scotland
Burntisland,56.057133,-3.233214,BTS,,scotland
Burscough Bridge,53.60519,-2.841758,BCB,,england
Burscough Junction,53.597551,-2.840532,BCJ,,england
Bursledon,50.883573,-1.305111,BUO,,england
Burton Joyce,52.983294,-1.041213,BUJ,,england
Burton-On-Trent,52.805798,-1.64246,BUT,,england
Bury St Edmunds,52.253635,0.712589,BSE,,england
Busby,55.780109,-4.262551,BUS,,scotland
Bush Hill Park,51.641707,-0.069394,BHK,,england
Bushey,51.645531,-0.385007,BSH,,england
Butlers Lane,52.592376,-1.838163,BUL,,england
Buxted,50.990475,0.131651,BXD,,england
Buxton,53.26058,-1.913086,BUX,,england
Byfleet & New Haw,51.349869,-0.480714,BFN,,england
Bynea,51.672280,-4.098716,BYE,,wales
Cadoxton,51.412181,-3.248765,CAD,,wales
Caergwrle,53.107922,-3.033069,CGW,,wales
Caerphilly,51.571544,-3.218822,CPH,,wales
Caersws,52.516140,-3.432595,CWS,,wales
Caldercruix,55.888048,-3.888718,CAC,,scotland
Caldicot,51.584506,-2.759768,CDT,,wales
Caledonian Road & Barnsbury,51.543301,-0.115177,CIR,,england
Calstock,50.497994,-4.208583,CSK,,england
Cam & Dursley,51.717641,-2.359170,CDU,,england
Camberley,51.336336,-0.743887,CAM,,england
Camborne,50.210392,-5.297921,CBN,,england
Cambridge,52.194519,0.137584,CBG,,england
Cambridge Heath,51.531954,-0.057422,CBH,,england
Cambridge North,52.224651,0.158770,CMB,,england
Cambridge South,52.17448,0.131226,CMS,,england
Cambuslang,55.819453,-4.173018,CBL,,scotland
Camden Road,51.541889,-0.139764,CMD,,england
Camelon,56.006233,-3.818392,CMO,,scotland
Cameron Bridge,56.190029,-3.045723,CBX,,scotland
Canada Water,51.497930,-0.049841,ZCW,,england
Canary Wharf,51.506110,-0.017624,CWX,,england
Canley,52.399418,-1.547232,CNL,,england
Cannock,52.686097,-2.022351,CAO,,england
Canonbury,51.548563,-0.093024,CNN,,england
Canterbury East,51.274185,1.075820,CBE,,england
Canterbury West,51.284279,1.074608,CBW,,england
Cantley,52.578721,1.513627,CNY,,england
Capenhurst,53.260155,-2.942908,CPU,,england
Carbis Bay,50.19746,-5.463815,CBB,,england
Cardenden,56.141308,-3.261651,CDD,,scotland
Cardiff Bay,51.467641,-3.166782,CDB,,wales
Cardiff Central,51.475549,-3.179706,CDF,,wales
Cardiff Queen Street,51.482002,-3.170293,CDQ,,wales
Cardonald,55.852756,-4.340370,CDO,,scotland
Cardross,55.960163,-4.652782,CDR,,scotland
Carfin,55.807682,-3.956036,CRF,,scotland
Cark,54.177968,-2.974002,CAK,,england
Carlisle,54.890257,-2.933047,CAR,,england
Carlton,52.965052,-1.078767,CTO,,england
Carluke,55.731117,-3.848934,CLU,,scotland
Carmarthen,51.853233,-4.305732,CMN,,wales
Carmyle,55.834264,-4.158073,CML,,scotland
Carnforth,54.129688,-2.771244,CNF,,england
Carnoustie,56.500678,-2.705347,CAN,,scotland
Carntyne,55.854900,-4.179175,CAY,,scotland
Carpenders Park,51.627885,-0.385578,CPK,,england
Carrbridge,57.279486,-3.828218,CAG,,scotland
Carshalton,51.368577,-0.166381,CSH,,england
Carshalton Beeches,51.357196,-0.169351,CSB,,england
Carstairs,55.691366,-3.669369,CRS,,scotland
Cartsdyke,55.942261,-4.731633,CDY,,scotland
Castle Bar Park,51.522865,-0.331575,CBP,,england
Castle Cary,51.099583,-2.522683,CLC,,england
Castleford,53.724075,-1.355101,CFD,,england
Castleton,53.592744,-2.177723,CAS,,england
Castleton Moor,54.467148,-0.946726,CSM,,england
Caterham,51.282207,-0.078388,CAT,,england
Catford,51.444706,-0.025701,CTF,,england
Catford Bridge,51.444591,-0.024923,CFB,,england
Cathays,51.488896,-3.178927,CYS,,wales
Cathcart,55.817795,-4.260390,CCT,,scotland
Cattal,53.997515,-1.319808,CTL,,england
Causeland,50.405525,-4.466937,CAU,,england
Cefn-Y-Bedd,53.098838,-3.030850,CYB,,wales
Chadwell Heath,51.567905,0.128263,CTH,,england
Chafford Hundred,51.485596,0.287468,CFH,,england
Chalfont & Latimer,51.66835,-0.560646,CFO,,england
Chalkwell,51.538612,0.669842,CHW,,england
Chandlers Ford,50.983455,-1.384895,CFR,,england
Chapel-En-Le-Frith,53.312057,-1.918373,CEF,,england
Chapeltown,53.462501,-1.466438,CLN,,england
Chapleton,51.016229,-4.024551,CPN,,england
Chappel & Wakes Colne,51.925676,0.758500,CWC,,england
Charing,51.208202,0.789869,CHG,,england
Charing Cross (Glasgow),55.864640,-4.269578,CHC,,scotland
Charlbury,51.872327,-1.489769,CBY,,england
Charlton,51.486904,0.030852,CTN,,england
Chartham,51.256958,1.018303,CRT,,england
Chassen Road,53.44605,-2.368171,CSR,,england
Chatelherault,55.76521,-4.00466,CTE,,scotland
Chatham,51.380309,0.521208,CTM,,england
Chathill,55.536404,-1.706846,CHT,,england
Cheadle Hulme,53.375956,-2.188125,CHU,,england
Cheam,51.35601,-0.2148,CHE,,england
Cheddington,51.857908,-0.662168,CED,,england
Chelford,53.270744,-2.280375,CEL,,england
Chelmsford,51.736595,0.469316,CHM,,england
Chelsfield,51.356611,0.108328,CLD,,england
Cheltenham Spa,51.896988,-2.100122,CNM,,england
Chepstow,51.639969,-2.671076,CPW,,wales
Cherry Tree,53.732868,-2.518401,CYT,,england
Chertsey,51.387108,-0.509667,CHY,,england
Cheshunt,51.702747,-0.023171,CHN,,england
Chessington North,51.363982,-0.300732,CSN,,england
Chessington South,51.356491,-0.308144,CSS,,england
Chester,53.196815,-2.880152,CTR,,england
Chester Road,52.535575,-1.832582,CRD,,england
Chester-Le-Street,54.854885,-1.577847,CLS,,england
Chesterfield,53.238209,-1.42011,CHD,,england
Chestfield & Swalecliffe,51.360283,1.067441,CSW,,england
Chetnole,50.866344,-2.572962,CNO,,england
Chichester,50.831880,-0.781845,CCH,,england
Chilham,51.244549,0.975937,CIL,,england
Chilworth,51.215120,-0.525013,CHL,,england
Chingford,51.632534,0.009471,CHI,,england
Chinley,53.340275,-1.9444,CLY,,england
Chippenham,51.462368,-2.115880,CPM,,england
Chipstead,51.309444,-0.169259,CHP,,england
Chirk,52.933247,-3.066150,CRK,,wales
Chislehurst,51.405506,0.057437,CIT,,england
Chiswick,51.481147,-0.268175,CHK,,england
Cholsey,51.570408,-1.158698,CHO,,england
Chorley,53.652984,-2.626934,CRL,,england
Chorleywood,51.654188,-0.51846,CLW,,england
Christchurch,50.738148,-1.784566,CHR,,england
Christs Hospital,51.050629,-0.363538,CHH,,england
Church & Oswaldtwistle,53.750431,-2.391216,CTW,,england
Church Fenton,53.827010,-1.227213,CHF,,england
Church Stretton,52.537303,-2.803684,CTT,,england
Cilmeri,52.150416,-3.456732,CIM,,wales
City Thameslink,51.515126,-0.103564,CTK,,england
Clacton-On-Sea,51.794532,1.154327,CLT,,england
Clandon,51.264035,-0.502863,CLA,,england
Clapham (North Yorkshire),54.105392,-2.409858,CPY,,england
Clapham High Street,51.46534,-0.1328,CLP,,england
Clapham Junction,51.464134,-0.170281,CLJ,,england
Clapton,51.561652,-0.056865,CPT,,england
Clarbeston Road,51.851741,-4.882156,CLR,,wales
Clarkston,55.789753,-4.275865,CKS,,scotland
Claverdon,52.277195,-1.696400,CLV,,england
Claygate,51.360664,-0.348207,CLG,,england
Cleethorpes,53.562825,-0.030097,CLE,,england
Cleland,55.804430,-3.910727,CEA,,scotland
Clifton,53.522315,-2.314116,CLI,,england
Clifton Down,51.46423,-2.611761,CFN,,england
Clitheroe,53.87345,-2.394365,CLH,,england
Clock House,51.408345,-0.040818,CLK,,england
Clunderwen,51.840105,-4.731020,CUW,,wales
Clydebank,55.900562,-4.403927,CYK,,scotland
Coatbridge Central,55.862669,-4.032078,CBC,,scotland
Coatbridge Sunnyside,55.866886,-4.027847,CBS,,scotland
Coatdyke,55.864567,-4.005343,COA,,scotland
Cobham & Stoke Dabernon,51.318077,-0.389917,CSD,,england
Codsall,52.627437,-2.201816,CSL,,england
Cogan,51.446164,-3.189048,CGN,,wales
Colchester,51.900579,0.892455,COL,,england
Colchester Town,51.886509,0.905428,CET,,england
Coleshill Parkway,52.5164,-1.7081,CEH,,england
Collingham,53.143983,-0.750266,CLM,,england
Collington,50.839272,0.457142,CLL,,england
Colne,53.854914,-2.181886,CNE,,england
Colwall,52.079843,-2.356799,CWL,,england
Colwyn Bay,53.296824,-3.725893,CWB,,wales
Combe,51.832625,-1.393998,CME,,england
Commondale,54.481018,-0.97514,COM,,england
Congleton,53.157637,-2.192754,CNG,,england
Conisbrough,53.489526,-1.234610,CNS,,england
Connel Ferry,56.452472,-5.383292,CON,,scotland
Conon Bridge,57.5617,-4.4404,CBD,,scotland
Cononley,53.917161,-2.011803,CEY,,england
Conway Park,53.393530,-3.023090,CNP,,england
Conwy,53.280093,-3.83046,CNW,,wales
Cooden Beach,50.833371,0.426703,COB,,england
Cookham,51.557369,-0.722250,COO,,england
Cooksbridge,50.903713,-0.009309,CBR,,england
Coombe,50.44479,-4.481655,COE,,england
Copplestone,50.814228,-3.751624,COP,,england
Corbridge,54.966265,-2.019029,CRB,,england
Corby,52.489196,-0.687944,COR,,england
Corkerhill,55.837470,-4.334328,CKH,,scotland
Corkickle,54.541657,-3.582155,CKL,,england
Corpach,56.842724,-5.121662,CPA,,scotland
Corrour,56.760181,-4.690966,CRR,,scotland
Coryton,51.520512,-3.230858,COY,,wales
Coseley,52.545738,-2.086051,CSY,,england
Cosford,52.644846,-2.300693,COS,,england
Cosham,50.841885,-1.067387,CSA,,england
Cottingham,53.781315,-0.406219,CGM,,england
Cottingley,53.768034,-1.587773,COT,,england
Coulsdon South,51.315231,-0.13746,CDS,,england
Coulsdon Town,51.32243,-0.13429,CDN,,england
Coventry,52.400787,-1.513466,COV,,england
Coventry Arena,52.447032,-1.494559,CAA,,england
Cowden,51.155630,0.109898,CWN,,england
Cowdenbeath,56.111653,-3.343286,COW,,scotland
Cradley Heath,52.469443,-2.090705,CRA,,england
Craigendoran,55.99485,-4.711291,CGD,,scotland
Cramlington,55.087763,-1.598683,CRM,,england
Cranbrook (Devon),50.7501,-3.4206,CBK,,england
Craven Arms,52.442420,-2.837628,CRV,,england
Crawley,51.111874,-0.187083,CRW,,england
Crayford,51.448273,0.178826,CRY,,england
Crediton,50.783375,-3.646912,CDI,,england
Cressing,51.851949,0.578324,CES,,england
Cressington,53.3588,-2.91172,CSG,,england
Creswell,53.264008,-1.215865,CWD,,england
Crewe,53.088963,-2.432636,CRE,,england
Crewkerne,50.873337,-2.778815,CKN,,england
Crews Hill,51.684755,-0.107221,CWH,,england
Crianlarich,56.390333,-4.618445,CNR,,scotland
Criccieth,52.918312,-4.236972,CCC,,wales
Cricklewood,51.558755,-0.212975,CRI,,england
Croftfoot,55.818247,-4.228242,CFF,,scotland
Crofton Park,51.454777,-0.03678,CFT,,england
Cromer,52.930054,1.291648,CMR,,england
Cromford,53.112915,-1.548788,CMF,,england
Crookston,55.842233,-4.365101,CKT,,scotland
Cross Gates,53.805061,-1.450353,CRG,,england
Crossflatts,53.858299,-1.844476,CFL,,england
Crosshill,55.833259,-4.256660,COI,,scotland
Crosskeys,51.621,-3.1261,CKY,,wales
Crossmyloof,55.833626,-4.284813,CMY,,scotland
Croston,53.66756,-2.777717,CSO,,england
Crouch Hill,51.571205,-0.116907,CRH,,england
Crowborough,51.046085,0.188422,COH,,england
Crowhurst,50.888702,0.500984,CWU,,england
Crowle,53.589725,-0.817042,CWE,,england
Crowthorne,51.366356,-0.819194,CRN,,england
Croy,55.955734,-4.035697,CRO,,scotland
Crystal Palace,51.417659,-0.071267,CYP,,england
Cuddington,53.23991,-2.599329,CUD,,england
Cuffley,51.709146,-0.109798,CUF,,england
Culham,51.653773,-1.236445,CUM,,england
Culrain,57.919594,-4.404528,CUA,,scotland
Cumbernauld,55.941902,-3.980305,CUB,,scotland
Cupar,56.317043,-3.008772,CUP,,scotland
Curriehill,55.900628,-3.318418,CUH,,scotland
Custom House,51.509802,0.027228,CUS,,england
Cuxton,51.373911,0.461982,CUX,,england
Cwmbach,51.701485,-3.414769,CMH,,wales
Cwmbran,51.657089,-3.016011,CWM,,wales
Cynghordy,52.051480,-3.748412,CYN,,wales
Dagenham Dock,51.526237,0.14505,DDK,,england
Daisy Hill,53.539359,-2.515178,DSY,,england
Dalgety Bay,56.042273,-3.367249,DAG,,scotland
Dalmally,56.400978,-4.982560,DAL,,scotland
Dalmarnock,55.842185,-4.217471,DAK,,scotland
Dalmeny,55.986362,-3.381645,DAM,,scotland
Dalmuir,55.911793,-4.427038,DMR,,scotland
Dalreoch,55.947280,-4.577251,DLR,,scotland
Dalry,55.705990,-4.711135,DLY,,scotland
Dalston (Cumbria),54.846203,-2.988866,DLS,,england
Dalston Junction,51.545284,-0.074968,DLJ,,england
Dalston Kingsland,51.548191,-0.076053,DLK,,england
Dalton,54.15424,-3.179031,DLT,,england
Dalwhinnie,56.935153,-4.246233,DLW,,scotland
Danby,54.466068,-0.910704,DNY,,england
Danescourt,51.500401,-3.233946,DCT,,wales
Danzey,52.324754,-1.820840,DZY,,england
Darlaston,52.575758,-2.020417,DAS,,england
Darlington,54.520462,-1.54732,DAR,,england
Darnall,53.384545,-1.412357,DAN,,england
Darsham,52.273207,1.523599,DSM,,england
Dartford,51.447420,0.219116,DFD,,england
Darton,53.588003,-1.530794,DRT,,england
Darwen,53.69804,-2.464958,DWN,,england
Datchet,51.482897,-0.579386,DAT,,england
Davenport,53.390734,-2.152159,DVN,,england
Dawlish,50.580692,-3.464583,DWL,,england
Dawlish Warren,50.598647,-3.443716,DWW,,england
Deal,51.223129,1.398559,DEA,,england
Dean,51.042368,-1.633916,DEN,,england
Deansgate,53.474096,-2.251063,DGT,,england
Deganwy,53.294739,-3.833424,DGY,,wales
Deighton,53.668458,-1.752387,DHN,,england
Delamere,53.228767,-2.666577,DLM,,england
Denby Dale,53.572628,-1.663215,DBD,,england
Denham,51.578495,-0.497633,DNM,,england
Denham Golf Club,51.580544,-0.517774,DGC,,england
Denmark Hill,51.468243,-0.089475,DMK,,england
Dent,54.282597,-2.363987,DNT,,england
Denton,53.457402,-2.130942,DTN,,england
Deptford,51.478897,-0.02711,DEP,,england
Derby,52.916381,-1.462555,DBY,,england
Derby Road,52.050518,1.182695,DBR,,england
Devonport,50.378521,-4.170101,DPT,,england
Dewsbury,53.692089,-1.633487,DEW,,england
Didcot Parkway,51.611275,-1.242614,DID,,england
Digby & Sowton,50.714181,-3.473603,DIG,,england
Dilton Marsh,51.248928,-2.207723,DMH,,england
Dinas Powys,51.431271,-3.219067,DNS,,wales
Dinas Rhondda,51.617073,-3.437123,DMG,,wales
Dingle Road,51.440109,-3.179776,DGL,,wales
Dingwall,57.594238,-4.422611,DIN,,scotland
Dinsdale,54.51474,-1.467051,DND,,england
Dinting,53.449382,-1.970276,DTG,,england
Disley,53.358146,-2.042465,DSL,,england
Diss,52.373616,1.123541,DIS,,england
Dockyard,50.382553,-4.175957,DOC,,england
Dodworth,53.544206,-1.532035,DOD,,england
Dolau,52.295223,-3.263955,DOL,,wales
Doleham,50.918625,0.610012,DLH,,england
Dolgarrog,53.186123,-3.822808,DLG,,wales
Dolwyddelan,53.051570,-3.884551,DWD,,wales
Doncaster,53.521954,-1.139915,DON,,england
Dorchester South,50.708752,-2.437593,DCH,,england
Dorchester West,50.710932,-2.442648,DCW,,england
Dore & Totley,53.327625,-1.514997,DOR,,england
Dorking,51.241165,-0.324136,DKG,,england
Dorking Deepdene,51.238918,-0.323921,DPD,,england
Dorking West,51.236443,-0.339762,DKT,,england
Dormans,51.155867,-0.004227,DMS,,england
Dorridge,52.371861,-1.753209,DDG,,england
Dove Holes,53.300137,-1.889712,DVH,,england
Dover Priory,51.125988,1.304227,DVP,,england
Dovercourt,51.938892,1.280724,DVC,,england
Dovey Junction,52.564764,-3.923792,DVY,,wales
Downham Market,52.604160,0.365609,DOW,,england
Drayton Green,51.516326,-0.330089,DRG,,england
Drayton Park,51.553106,-0.105770,DYP,,england
Drem,56.005134,-2.785302,DRM,,scotland
Driffield,54.001526,-0.434627,DRF,,england
Drigg,54.376968,-3.444066,DRI,,england
Droitwich Spa,52.26862,-2.158239,DTW,,england
Dronfield,53.301357,-1.468768,DRO,,england
Drumchapel,55.904734,-4.363032,DMC,,scotland
Drumfrochar,55.941293,-4.771506,DFR,,scotland
Drumgelloch,55.867676,-3.948315,DRU,,scotland
Drumry,55.904597,-4.385483,DMY,,scotland
Duddeston,52.488489,-1.871281,DUD,,england
Dudley Port,52.524517,-2.049401,DDP,,england
Duffield,52.988228,-1.485858,DFI,,england
Duirinish,57.319847,-5.692103,DRN,,scotland
Duke Street,55.858661,-4.212598,DST,,scotland
Dullingham,52.201514,0.365879,DUL,,england
Dumbarton Central,55.946705,-4.56697,DBC,,scotland
Dumbarton East,55.942478,-4.55387,DBE,,scotland
Dumbreck,55.844951,-4.300799,DUM,,scotland
Dumfries,55.072704,-3.604446,DMF,,scotland
Dumpton Park,51.345854,1.425275,DMP,,england
Dunbar,55.998211,-2.513684,DUN,,scotland
Dunblane,56.185837,-3.965708,DBL,,scotland
Duncraig,57.336727,-5.637282,DCG,,scotland
Dundee,56.456669,-2.970576,DEE,,scotland
Dunfermline City,56.068233,-3.452033,DFE,,scotland
Dunfermline Queen Margaret,56.080166,-3.421771,DFL,,scotland
Dunkeld & Birnam,56.556577,-3.577515,DKD,,scotland
Dunlop,55.711926,-4.532435,DNL,,scotland
Dunrobin Castle,57.985782,-3.947369,DNO,,scotland
Dunston,54.949998,-1.641441,DOT,,england
Dunton Green,51.296425,0.171616,DNG,,england
Durham,54.779408,-1.581746,DHM,,england
Durrington-On-Sea,50.817463,-0.411463,DUR,,england
Dyce,57.205707,-2.192692,DYC,,scotland
Dyffryn Ardudwy,52.78857,-4.104242,DYF,,wales
Eaglescliffe,54.530089,-1.349720,EAG,,england
Ealing Broadway,51.51466,-0.300843,EAL,,england
Earlestown,53.451139,-2.637674,ERL,,england
Earley,51.441051,-0.917989,EAR,,england
Earlsfield,51.442403,-0.187694,EAD,,england
Earlswood (Surrey),51.227631,-0.171078,ELD,,england
Earlswood (West Midlands),52.366638,-1.861907,EWD,,england
East Boldon,54.946345,-1.420154,EBL,,england
East Croydon,51.375679,-0.093335,ECR,,england
East Didsbury,53.409315,-2.221998,EDY,,england
East Dulwich,51.460911,-0.081151,EDW,,england
East Farleigh,51.255112,0.48498,EFL,,england
East Garforth,53.792238,-1.371595,EGF,,england
East Grinstead,51.126213,-0.017887,EGR,,england
East Kilbride,55.766097,-4.179716,EKL,,scotland
East Linton,55.987149,-2.662825,ELT,,scotland
East Malling,51.285671,0.440360,EML,,england
East Midlands Parkway,52.862,-1.263,EMD,,england
East Tilbury,51.484491,0.412733,ETL,,england
East Worthing,50.821592,-0.355108,EWR,,england
Eastbourne,50.769443,0.281197,EBN,,england
Eastbrook,51.437836,-3.206259,EBK,,wales
Easterhouse,55.860157,-4.107389,EST,,scotland
Eastham Rake,53.307532,-2.9812,ERA,,england
Eastleigh,50.968559,-1.350563,ESL,,england
Eastrington,53.755235,-0.787077,EGN,,england
Ebbsfleet International,51.443525,0.321375,EBD,,england
Ebbw Vale Parkway,51.756506,-3.196055,EBV,,wales
Ebbw Vale Town,51.776627,-3.202422,EBB,,wales
Eccles,53.485527,-2.334052,ECC,,england
Eccles Road,52.471295,0.969994,ECS,,england
Eccleston Park,53.430665,-2.780555,ECL,,england
Edale,53.36477,-1.817395,EDL,,england
Eden Park,51.390180,-0.026369,EDN,,england
Edenbridge,51.208508,0.060099,EBR,,england
Edenbridge Town,51.200287,0.06689,EBT,,england
Edge Hill,53.402663,-2.946986,EDG,,england
Edinburgh Gateway,55.941,-3.32,EGY,,scotland
Edinburgh Park,55.927615,-3.307829,EDP,,scotland
Edinburgh Waverley,55.951902,-3.190420,EDB,,scotland
Edmonton Green,51.624500,-0.061402,EDR,,england
Effingham Junction,51.291504,-0.419536,EFF,,england
Eggesford,50.887848,-3.875235,EGG,,england
Egham,51.429406,-0.546578,EGH,,england
Egton,54.437679,-0.761896,EGT,,england
Elephant & Castle,51.494043,-0.098717,EPH,,england
Elgin,57.64299,-3.31163,ELG,,scotland
Ellesmere Port,53.282097,-2.895403,ELP,,england
Elmers End,51.398335,-0.049263,ELE,,england
Elmstead Woods,51.416798,0.044657,ESD,,england
Elmswell,52.238150,0.912534,ESW,,england
Elsecar,53.498683,-1.427499,ELR,,england
Elsenham,51.92038,0.22779,ESM,,england
Elstree & Borehamwood,51.652836,-0.279779,ELS,,england
Eltham,51.455594,0.052269,ELW,,england
Elton & Orston,52.951843,-0.855362,ELO,,england
Ely,52.390846,0.266105,ELY,,england
Emerson Park,51.56889,0.220658,EMP,,england
Emsworth,50.851326,-0.938784,EMS,,england
Energlyn & Churchill Park,51.584548,-3.229077,ECP,,wales
Enfield Chase,51.652607,-0.090404,ENC,,england
Enfield Lock,51.670611,-0.028569,ENL,,england
Enfield Town,51.651524,-0.078891,ENF,,england
Entwistle,53.655591,-2.413983,ENT,,england
Epsom,51.334353,-0.269549,EPS,,england
Epsom Downs,51.324251,-0.238435,EPD,,england
Erdington,52.528435,-1.839297,ERD,,england
Eridge,51.089024,0.200452,ERI,,england
Erith,51.481621,0.174651,ERH,,england
Esher,51.380053,-0.353204,ESH,,england
Eskbank,55.881205,-3.082795,EKB,,scotland
Essex Road,51.540733,-0.096186,EXR,,england
Etchingham,51.010479,0.441935,ETC,,england
Euxton Balshaw Lane,53.659824,-2.671681,EBA,,england
Evesham,52.098793,-1.947413,EVE,,england
Ewell East,51.345612,-0.24106,EWE,,england
Ewell West,51.350111,-0.257131,EWW,,england
Exeter Central,50.726910,-3.532283,EXC,,england
Exeter St Davids,50.729216,-3.543570,EXD,,england
Exeter St Thomas,50.717201,-3.538821,EXT,,england
Exhibition Centre,55.861395,-4.283197,EXG,,scotland
Exmouth,50.621589,-3.414972,EXM,,england
Exton,50.668033,-3.444069,EXN,,england
Eynsford,51.362329,0.204215,EYN,,england
Fairbourne,52.696018,-4.049464,FRB,,wales
Fairfield,53.471323,-2.144923,FRF,,england
Fairlie,55.751893,-4.853186,FRL,,scotland
Fairwater,51.493886,-3.233804,FRW,,wales
Falconwood,51.459230,0.079304,FCN,,england
Falkirk Grahamston,56.002368,-3.785474,FKG,,scotland
Falkirk High,55.991863,-3.792276,FKK,,scotland
Falls of Cruachan,56.394017,-5.112726,FOC,,scotland
Falmer,50.862064,-0.087364,FMR,,england
Falmouth Docks,50.15075,-5.0559,FAL,,england
Falmouth Town,50.148392,-5.065443,FMT,,england
Fareham,50.853406,-1.192343,FRM,,england
Farnborough Main,51.296819,-0.755516,FNB,,england
Farnborough North,51.302404,-0.743047,FNN,,england
Farncombe,51.197145,-0.604374,FNC,,england
Farnham,51.211809,-0.792422,FNH,,england
Farningham Road,51.401337,0.235533,FNR,,england
Farnworth,53.550460,-2.388533,FNW,,england
Farringdon,51.520071,-0.104665,ZFD,,england
Fauldhouse,55.822163,-3.719006,FLD,,scotland
Faversham,51.311436,0.891278,FAV,,england
Faygate,51.095943,-0.263403,FGT,,england
Fazakerley,53.469063,-2.936729,FAZ,,england
Fearn,57.777828,-3.994245,FRN,,scotland
Featherstone,53.679099,-1.358285,FEA,,england
Felixstowe,51.967017,1.349814,FLX,,england
Feltham,51.447845,-0.40983,FEL,,england
Feniton,50.787022,-3.285259,FNT,,england
Fenny Stratford,51.999980,-0.717983,FEN,,england
Fernhill,51.686606,-3.395889,FER,,wales
Ferriby,53.717051,-0.507729,FRY,,england
Ferryside,51.76833,-4.36952,FYS,,wales
Ffairfach,51.873008,-3.992779,FFA,,wales
Filey,54.209946,-0.293351,FIL,,england
Filton Abbey Wood,51.503393,-2.563826,FIT,,england
Finchley Road & Frognal,51.550198,-0.183324,FNY,,england
Finsbury Park,51.564835,-0.106414,FPK,,england
Finstock,51.85305,-1.47003,FIN,,england
Fishbourne,50.839352,-0.815495,FSB,,england
Fishersgate,50.834469,-0.219161,FSG,,england
Fishguard & Goodwick,52.003969,-4.995073,FGW,,wales
Fishguard Harbour,52.010692,-4.986173,FGH,,wales
Fiskerton,53.060253,-0.912181,FSK,,england
Fitzwilliam,53.632587,-1.375391,FZW,,england
Five Ways,52.471094,-1.913071,FWY,,england
Fleet,51.290947,-0.831169,FLE,,england
Flimby,54.689815,-3.520544,FLM,,england
Flint,53.249516,-3.13302,FLN,,wales
Flitwick,52.003457,-0.4952,FLT,,england
Flixton,53.443746,-2.383878,FLI,,england
Flowery Field,53.461390,-2.080114,FLF,,england
Folkestone Central,51.082985,1.168331,FKC,,england
Folkestone West,51.084718,1.153782,FKW,,england
Ford,50.829506,-0.578611,FOD,,england
Forest Gate,51.549251,0.023281,FOG,,england
Forest Hill,51.438869,-0.053297,FOH,,england
Formby,53.554316,-3.070918,FBY,,england
Forres,57.611109,-3.624325,FOR,,scotland
Forsinard,58.356998,-3.896903,FRS,,scotland
Fort Matilda,55.958809,-4.7953,FTM,,scotland
Fort William,56.820558,-5.105313,FTW,,scotland
Four Oaks,52.579545,-1.828031,FOK,,england
Foxfield,54.258597,-3.215935,FOX,,england
Foxton,52.119526,0.056572,FXN,,england
Frant,51.104321,0.294034,FRT,,england
Fratton,50.796446,-1.073256,FTN,,england
Freshfield,53.566494,-3.072014,FRE,,england
Freshford,51.341770,-2.300589,FFD,,england
Frimley,51.311653,-0.747426,FML,,england
Frinton-On-Sea,51.837761,1.243322,FRI,,england
Frizinghall,53.820381,-1.768854,FZH,,england
Frodsham,53.295853,-2.723145,FRD,,england
Frome,51.227233,-2.310029,FRO,,england
Fulwell,51.433906,-0.349057,FLW,,england
Furness Vale,53.348808,-1.988867,FNV,,england
Furze Platt,51.533082,-0.728467,FZP,,england
Gainsborough Central,53.398987,-0.769507,GNB,,england
Gainsborough Lea Road,53.386088,-0.769378,GBL,,england
Galashiels,55.617848,-2.805719,GAL,,scotland
Garelochhead,56.080234,-4.825359,GCH,,scotland
Garforth,53.796211,-1.382083,GRF,,england
Gargrave,53.97842,-2.105171,GGV,,england
Garrowhill,55.855286,-4.129497,GAR,,scotland
Garscadden,55.88784,-4.364757,GRS,,scotland
Garsdale,54.32135,-2.325891,GSD,,england
Garston,51.686685,-0.381689,GSN,,england
Garswood,53.488048,-2.671993,GSW,,england
Gartcosh,55.885621,-4.079383,GRH,,scotland
Garth (Mid Glamorgan),51.596707,-3.642815,GMG,,wales
Garth (Powys),52.133388,-3.530187,GTH,,wales
Garve,57.613129,-4.688429,GVE,,scotland
Gathurst,53.559399,-2.694418,GST,,england
Gatley,53.393239,-2.230662,GTY,,england
Gatwick Airport,51.156425,-0.161022,GTW,LGW,england
Georgemas Junction,58.513721,-3.45212,GGJ,,scotland
Gerrards Cross,51.588883,-0.555367,GER,,england
Gidea Park,51.581772,0.205411,GDP,,england
Giffnock,55.803936,-4.292961,GFN,,scotland
Giggleswick,54.061775,-2.302644,GIG,,england
Gilberdyke,53.747955,-0.732223,GBD,,england
Gilfach Fargoed,51.684146,-3.227393,GFF,,wales
Gillingham (Dorset),51.033886,-2.272361,GIL,,england
Gillingham (Kent),51.386847,0.551447,GLM,,england
Gilshochill,55.897295,-4.28201,GSC,,scotland
Gipsy Hill,51.424533,-0.084042,GIP,,england
Girvan,55.246278,-4.848084,GIR,,scotland
Glaisdale,54.439796,-0.794221,GLS,,england
Glan Conwy,53.268622,-3.797592,GCW,,wales
Glasgow Central,55.858313,-4.258436,GLC,,scotland
Glasgow Queen Street,55.862559,-4.251117,GLQ,,scotland
Glasshoughton,53.70884,-1.34247,GLH,,england
Glazebrook,53.428291,-2.459992,GLZ,,england
Gleneagles,56.274902,-3.7312,GLE,,scotland
Glenfinnan,56.872753,-5.449219,GLF,,scotland
Glengarnock,55.738984,-4.674897,GLG,,scotland
Glenrothes with Thornton,56.162224,-3.143189,GLT,,scotland
Glossop,53.444811,-1.950017,GLO,,england
Gloucester,51.865501,-2.238291,GCR,,england
Glynde,50.859118,0.070348,GLY,,england
Gobowen,52.893322,-3.036885,GOB,,england
Godalming,51.186115,-0.619175,GOD,,england
Godley,53.452249,-2.055636,GDL,,england
Godstone,51.218185,-0.051436,GDN,,england
Goldthorpe,53.533828,-1.312897,GOE,,england
Golf Street,56.497852,-2.719541,GOF,,scotland
Golspie,57.971277,-3.987260,GOL,,scotland
Gomshall,51.218964,-0.442065,GOM,,england
Goodmayes,51.565502,0.112277,GMY,,england
Goole,53.704968,-0.874258,GOO,,england
Goostrey,53.222634,-2.32628,GTR,,england
Gordon Hill,51.662951,-0.094220,GDH,,england
Gorebridge,55.839960,-3.046111,GBG,,scotland
Goring & Streatley,51.521428,-1.133051,GOR,,england
Goring-By-Sea,50.817753,-0.432751,GBS,,england
Gorton,53.468712,-2.167182,GTO,,england
Gospel Oak,51.555487,-0.151577,GPO,,england
Gourock,55.961616,-4.815668,GRK,,scotland
Gowerton,51.648701,-4.035124,GWN,,wales
Goxhill,53.676613,-0.337699,GOX,,england
Grange Park,51.643329,-0.096939,GPK,,england
Grange-Over-Sands,54.195282,-2.902752,GOS,,england
Grangetown,51.466984,-3.189097,GTN,,wales
Grantham,52.906448,-0.642438,GRA,,england
Grateley,51.170196,-1.620444,GRT,,england
Gravelly Hill,52.514969,-1.852612,GVH,,england
Gravesend,51.441029,0.36699,GRV,,england
Grays,51.476374,0.321892,GRY,,england
Great Ayton,54.489497,-1.115235,GTA,,england
Great Bentley,51.85207,1.065258,GRB,,england
Great Chesterford,52.059928,0.193229,GRC,,england
Great Coates,53.575722,-0.129833,GCT,,england
Great Malvern,52.109165,-2.318289,GMV,,england
Great Missenden,51.703304,-0.709132,GMN,,england
Great Yarmouth,52.612122,1.720949,GYM,,england
Green Lane,53.383304,-3.016276,GNL,,england
Green Road,54.244748,-3.245602,GNR,,england
Greenbank,53.251420,-2.534459,GBK,,england
Greenfaulds,55.934965,-3.993510,GRL,,scotland
Greenfield,53.538835,-2.014189,GNF,,england
Greenford,51.542118,-0.344800,GFD,,england
Greenhithe for Bluewater,51.450855,0.279694,GNH,,england
Greenock Central,55.945210,-4.751876,GKC,,scotland
Greenock West,55.947200,-4.767762,GKW,,scotland
Greenwich,51.478109,-0.015415,GNW,,england
Gretna Green,55.000737,-3.066695,GEA,,scotland
Grimsby Docks,53.574142,-0.075832,GMD,,england
Grimsby Town,53.563457,-0.086851,GMB,,england
Grindleford,53.30555,-1.62629,GRN,,england
Grosmont,54.436394,-0.724937,GMT,,england
Grove Park,51.430765,0.022024,GRP,,england
Guide Bridge,53.474171,-2.112961,GUI,,england
Guildford,51.237200,-0.581139,GLD,,england
Guiseley,53.876066,-1.715118,GSY,,england
Gunnersbury,51.491376,-0.275524,GUN,,england
Gunnislake,50.516628,-4.219523,GSL,,england
Gunton,52.866077,1.348821,GNT,,england
Gwersyllt,53.072559,-3.017913,GWE,,wales
Gypsy Lane,54.533329,-1.180312,GYP,,england
Habrough,53.606100,-0.269354,HAB,,england
Hackbridge,51.378437,-0.15358,HCB,,england
Hackney Central,51.547061,-0.056875,HKC,,england
Hackney Downs,51.548695,-0.060144,HAC,,england
Hackney Wick,51.543438,-0.024154,HKW,,england
Haddenham & Thame Parkway,51.770788,-0.942121,HDM,,england
Haddiscoe,52.528835,1.622451,HAD,,england
Hadfield,53.460873,-1.965429,HDF,,england
Hadley Wood,51.668365,-0.176519,HDW,,england
Hag Fold,53.533442,-2.493744,HGF,,england
Haggerston,51.538657,-0.075583,HGG,,england
Hagley,52.422375,-2.147018,HAG,,england
Hairmyres,55.761825,-4.229895,HMY,,scotland
Hale,53.378669,-2.347383,HAL,,england
Halesworth,52.346959,1.505745,HAS,,england
Halewood,53.364466,-2.830149,HED,,england
Halifax,53.720840,-1.853628,HFX,,england
Hall Green,52.436745,-1.845513,HLG,,england
Hall Road,53.497442,-3.049607,HLR,,england
Hall i' th' Wood,53.597446,-2.413076,HID,,england
Halling,51.352169,0.445711,HAI,,england
Haltwhistle,54.967972,-2.462321,HWH,,england
Ham Street,51.068199,0.854585,HMT,,england
Hamble,50.871311,-1.329173,HME,,england
Hamilton Central,55.773239,-4.038928,HNC,,scotland
Hamilton West,55.779357,-4.055493,HNW,,scotland
Hammerton,53.996331,-1.284069,HMM,,england
Hampden Park,50.795925,0.279680,HMD,,england
Hampstead Heath,51.555240,-0.165391,HDH,,england
Hampton,51.41607,-0.37199,HMP,,england
Hampton Court,51.401947,-0.342412,HMC,,england
Hampton Wick,51.414558,-0.312350,HMW,,england
Hampton-In-Arden,52.428375,-1.699934,HIA,,england
Hamstead,52.530718,-1.92838,HSD,,england
Hamworthy,50.725369,-2.019051,HAM,,england
Hanborough,51.824708,-1.372632,HND,,england
Handforth,53.34639,-2.213263,HTH,,england
Hanwell,51.511604,-0.338432,HAN,,england
Hapton,53.781575,-2.317320,HPN,,england
Harlech,52.861309,-4.109248,HRL,,wales
Harlesden,51.536518,-0.258214,HDN,,england
Harling Road,52.453858,0.909311,HRD,,england
Harlington,51.961407,-0.495340,HLN,,england
Harlow Mill,51.790482,0.132318,HWM,,england
Harlow Town,51.781639,0.094804,HWN,,england
Harold Wood,51.593217,0.234200,HRO,,england
Harpenden,51.814831,-0.351961,HPD,,england
Harrietsham,51.244935,0.672655,HRM,,england
Harringay,51.577305,-0.105115,HGY,,england
Harringay Green Lanes,51.577336,-0.098104,HRY,,england
Harrington,54.613551,-3.565573,HRR,,england
Harrogate,53.993404,-1.537430,HGT,,england
Harrow & Wealdstone,51.592218,-0.334875,HRW,,england
Harrow-on-the-Hill,51.57931,-0.336628,HOH,,england
Hartford,53.241721,-2.553978,HTF,,england
Hartlebury,52.334441,-2.221086,HBY,,england
Hartlepool,54.686771,-1.2073,HPL,,england
Hartwood,55.811182,-3.839023,HTW,,scotland
Harwich International,51.947225,1.256039,HPQ,,england
Harwich Town,51.944158,1.286627,HWC,,england
Haslemere,51.088776,-0.719487,HSL,,england
Hassocks,50.924718,-0.145717,HSK,,england
Hastings,50.858303,0.576825,HGS,,england
Hatch End,51.609578,-0.368784,HTE,,england
Hatfield,51.765155,-0.215800,HAT,,england
Hatfield & Stainforth,53.588870,-1.023263,HFS,,england
Hatfield Peverel,51.780314,0.592772,HAP,,england
Hathersage,53.325921,-1.652135,HSG,,england
Hattersley,53.444938,-2.039436,HTY,,england
Hatton,52.295242,-1.672982,HTN,,england
Havant,50.854441,-0.981562,HAV,,england
Havenhouse,53.114548,0.272619,HVN,,england
Haverfordwest,51.802601,-4.960279,HVF,,wales
Hawarden,53.184847,-3.032072,HWD,,wales
Hawarden Bridge,53.218186,-3.032286,HWB,,wales
Hawkhead,55.842102,-4.399536,HKH,,scotland
Haydon Bridge,54.975290,-2.247206,HDB,,england
Haydons Road,51.425363,-0.188342,HYR,,england
Hayes & Harlington,51.502925,-0.419156,HAY,,england
Hayes (Kent),51.376596,0.009507,HYS,,england
Hayle,50.185543,-5.419928,HYL,,england
Haymarket,55.945184,-3.219374,HYM,,scotland
Haywards Heath,51.004904,-0.105399,HHE,,england
Hazel Grove,53.377415,-2.122121,HAZ,,england
Headbolt Lane,53.491583,-2.883713,HBL,,england
Headcorn,51.165657,0.627507,HCN,,england
Headingley,53.818037,-1.594483,HDY,,england
Headstone Lane,51.60268,-0.356766,HDL,,england
Heald Green,53.369248,-2.236533,HDG,,england
Healing,53.581838,-0.160618,HLI,,england
Heath High Level,51.516518,-3.181737,HHL,,wales
Heath Low Level,51.515767,-3.182208,HLL,,wales
Heathrow Terminal 4 Rail,51.459089,-0.445999,HAF,LHR,england
Heathrow Terminal 5 Rail,51.472222,-0.487725,HWV,LHR,england
Heathrow Terminals 2 & 3 Rail,51.471928,-0.454312,HXX,LHR,england
Heaton Chapel,53.425993,-2.179289,HTC,,england
Hebden Bridge,53.737587,-2.009063,HBD,,england
Heckington,52.977207,-0.293808,HEC,,england
Hedge End,50.932399,-1.294493,HDE,,england
Hednesford,52.709922,-2.00199,HNF,,england
Heighington,54.596977,-1.582071,HEI,,england
Helensburgh Central,56.003846,-4.731570,HLC,,scotland
Helensburgh Upper,56.012441,-4.730772,HLU,,scotland
Hellifield,54.010482,-2.226949,HLD,,england
Helmsdale,58.117729,-3.659146,HMS,,scotland
Helsby,53.275289,-2.771148,HSB,,england
Hemel Hempstead,51.742062,-0.490762,HML,,england
Hendon,51.580057,-0.238652,HEN,,england
Hengoed,51.646997,-3.225557,HNG,,wales
Henley-In-Arden,52.291455,-1.783999,HNL,,england
Henley-On-Thames,51.533845,-0.899422,HOT,,england
Hensall,53.698487,-1.114662,HEL,,england
Hereford,52.061199,-2.708122,HFD,,england
Herne Bay,51.364438,1.118307,HNB,,england
Herne Hill,51.453469,-0.102283,HNH,,england
Hersham,51.376906,-0.389580,HER,,england
Hertford East,51.799396,-0.071750,HFE,,england
Hertford North,51.798680,-0.092238,HFN,,england
Hessle,53.717567,-0.442169,HES,,england
Heswall,53.329667,-3.073354,HSW,,england
Hever,51.181385,0.094811,HEV,,england
Heworth,54.951594,-1.557580,HEW,,england
Hexham,54.973534,-2.094793,HEX,,england
Heyford,51.918585,-1.299447,HYD,,england
Heysham Port,54.033284,-2.913179,HHB,,england
High Brooms,51.149609,0.277686,HIB,,england
High Street,55.859346,-4.239926,HST,,scotland
High Wycombe,51.629373,-0.744577,HWY,,england
Higham,51.426953,0.466018,HGM,,england
Highams Park,51.608837,0.000183,HIP,,england
Highbridge & Burnham,51.218098,-2.972192,HIG,,england
Highbury & Islington,51.546368,-0.103654,HHY,,england
Hightown,53.525272,-3.057407,HTO,,england
Hildenborough,51.214581,0.227882,HLB,,england
Hillfoot,55.920143,-4.32032,HLF,,scotland
Hillington East,55.854230,-4.354904,HLE,,scotland
Hillington West,55.855862,-4.371094,HLW,,scotland
Hillside,53.621545,-3.025431,HIL,,england
Hilsea,50.828075,-1.058592,HLS,,england
Hinchley Wood,51.374939,-0.340508,HYW,,england
Hinckley,52.535173,-1.371106,HNK,,england
Hindley,53.542053,-2.574909,HIN,,england
Hinton Admiral,50.752384,-1.713616,HNA,,england
Hitchin,51.952915,-0.262498,HIT,,england
Hither Green,51.451587,-0.000647,HGR,,england
Hockley,51.603651,0.659101,HOC,,england
Hollingbourne,51.265484,0.627465,HBN,,england
Holmes Chapel,53.199131,-2.351063,HCH,,england
Holmwood,51.181128,-0.320874,HLM,,england
Holton Heath,50.711346,-2.077863,HOL,,england
Holyhead,53.307674,-4.631062,HHD,,wales
Holytown,55.812564,-3.973488,HLY,,scotland
Homerton,51.547079,-0.043121,HMN,,england
Honeybourne,52.101641,-1.833682,HYB,,england
Honiton,50.796729,-3.186923,HON,,england
Honley,53.608241,-1.780852,HOY,,england
Honor Oak Park,51.450428,-0.045607,HPA,,england
Hook,51.279587,-0.961933,HOK,,england
Hooton,53.296741,-2.976721,HOO,,england
Hope (Derbyshire),53.346283,-1.729587,HOP,,england
Hope (Flintshire),53.116859,-3.037247,HPE,,wales
Hopton Heath,52.391361,-2.912028,HPT,,england
Horden,54.763879,-1.307347,HRE,,england
Horley,51.168791,-0.160952,HOR,,england
Hornbeam Park,53.980236,-1.527272,HBP,,england
Hornsey,51.586414,-0.111961,HRN,,england
Horsforth,53.847576,-1.630612,HRS,,england
Horsham,51.066174,-0.318753,HRH,,england
Horsley,51.279515,-0.435297,HSY,,england
Horton in Ribblesdale,54.149379,-2.302054,HIR,,england
Horwich Parkway,53.577983,-2.539732,HWI,,england
Hoscar,53.597769,-2.804608,HSC,,england
Hough Green,53.372378,-2.775056,HGN,,england
Hounslow,51.462471,-0.361808,HOU,,england
Hove,50.835206,-0.170180,HOV,,england
Hoveton & Wroxham,52.715536,1.408079,HXM,,england
How Wood,51.717697,-0.344594,HWW,,england
Howden,53.764526,-0.86068,HOW,,england
Howwood,55.810572,-4.562509,HOZ,,scotland
Hoxton,51.531592,-0.075654,HOX,,england
Hoylake,53.390202,-3.178861,HYK,,england
Hubberts Bridge,52.975594,-0.110044,HBB,,england
Hucknall,53.038265,-1.195793,HKN,,england
Huddersfield,53.648407,-1.785142,HUD,,england
Hull,53.743835,-0.347598,HUL,,england
Humphrey Park,53.452321,-2.327363,HUP,,england
Huncoat,53.772243,-2.347047,HCT,,england
Hungerford,51.414714,-1.511429,HGD,,england
Hunmanby,54.17429,-0.314737,HUB,,england
Huntingdon,52.328613,-0.192047,HUN,,england
Huntly,57.444401,-2.776354,HNT,,scotland
Hunts Cross,53.360644,-2.855716,HNX,,england
Hurst Green,51.244545,0.004397,HUR,,england
Hutton Cranswick,53.956185,-0.433838,HUT,,england
Huyton,53.409813,-2.842991,HUY,,england
Hyde Central,53.451682,-2.085149,HYC,,england
Hyde North,53.464464,-2.085034,HYT,,england
Hykeham,53.195065,-0.600075,HKM,,england
Hyndland,55.879803,-4.314715,HYN,,scotland
Hythe,51.885813,0.927528,HYH,,england
Ifield,51.115538,-0.214465,IFI,,england
Ilford,51.559078,0.068699,IFD,,england
Ilkeston,52.9794,-1.2949,ILN,,england
Ilkley,53.924793,-1.821288,ILK,,england
Imperial Wharf,51.475134,-0.183026,IMW,,england
Ince,53.539096,-2.612743,INC,,england
Ince & Elton,53.276736,-2.816234,INE,,england
Ingatestone,51.667301,0.384556,INT,,england
Insch,57.33749,-2.616279,INS,,scotland
Invergordon,57.689083,-4.174260,IGD,,scotland
Invergowrie,56.456250,-3.057829,ING,,scotland
Inverkeithing,56.035239,-3.395417,INK,,scotland
Inverkip,55.906073,-4.872369,INP,,scotland
Inverness,57.480194,-4.223199,INV,,scotland
Inverness Airport,57.5335,-4.0552,IVA,INV,scotland
Invershin,57.924852,-4.399583,INH,,scotland
Inverurie,57.286343,-2.373224,INR,,scotland
Ipswich,52.050552,1.144481,IPS,,england
Irlam,53.434172,-2.432989,IRL,,england
Irvine,55.610916,-4.675196,IRV,,scotland
Isleworth,51.474709,-0.33689,ISL,,england
Islip,51.826163,-1.237647,ISP,,england
Iver,51.508342,-0.506659,IVR,,england
Ivybridge,50.393515,-3.904954,IVY,,england
James Cook University Hospital,54.552000,-1.208525,JCH,,england
James Street,53.404748,-2.991993,LVJ,,england
Jewellery Quarter,52.489514,-1.913522,JEQ,,england
Johnston,51.756276,-4.996719,JOH,,wales
Johnstone,55.834281,-4.503086,JHN,,scotland
Jordanhill,55.882654,-4.324637,JOR,,scotland
Kearsley,53.54419,-2.375032,KSL,,england
Kearsney,51.149399,1.271566,KSN,,england
Keighley,53.86787,-1.90112,KEI,,england
Keith,57.550976,-2.954062,KEH,,scotland
Kelvedon,51.840990,0.702693,KEL,,england
Kelvindale,55.8933,-4.3106,KVD,,scotland
Kemble,51.676795,-2.023075,KEM,,england
Kempston Hardwick,52.091955,-0.503994,KMH,,england
Kempton Park,51.421004,-0.409487,KMP,,england
Kemsing,51.297254,0.247422,KMS,,england
Kemsley,51.361738,0.734960,KML,,england
Kendal,54.332108,-2.739667,KEN,,england
Kenilworth,52.3429,-1.5726,KNW,,england
Kenley,51.324547,-0.101199,KLY,,england
Kennett,52.277523,0.490482,KNE,,england
Kennishead,55.813458,-4.324607,KNS,,scotland
Kensal Green,51.530602,-0.223847,KNL,,england
Kensal Rise,51.534447,-0.220224,KNR,,england
Kensington Olympia,51.497437,-0.209495,KPA,,england
Kent House,51.412275,-0.045213,KTH,,england
Kentish Town,51.550173,-0.138865,KTN,,england
Kentish Town West,51.546994,-0.146755,KTW,,england
Kenton,51.581436,-0.317123,KNT,,england
Kents Bank,54.172967,-2.925351,KBK,,england
Kettering,52.393177,-0.731724,KET,,england
Kew Bridge,51.489502,-0.287225,KWB,,england
Kew Gardens,51.477558,-0.284949,KWG,,england
Keyham,50.389965,-4.179892,KEY,,england
Keynsham,51.418071,-2.495880,KYN,,england
Kidbrooke,51.462032,0.027900,KDB,,england
Kidderminster,52.384359,-2.238479,KID,,england
Kidsgrove,53.086555,-2.244828,KDG,,england
Kidwelly,51.734299,-4.317046,KWL,,wales
Kilburn High Road,51.537748,-0.191353,KBN,,england
Kildale,54.477751,-1.068327,KLD,,england
Kildonan,58.170775,-3.869093,KIL,,scotland
Kilgetty,51.732201,-4.714386,KGT,,wales
Kilmarnock,55.612835,-4.499048,KMK,,scotland
Kilmaurs,55.637103,-4.530550,KLM,,scotland
Kilpatrick,55.924110,-4.452836,KPT,,scotland
Kilwinning,55.655994,-4.710071,KWN,,scotland
Kinbrace,58.258408,-3.941063,KBC,,scotland
Kingham,51.902412,-1.628532,KGM,,england
Kinghorn,56.069389,-3.174161,KGH,,scotland
Kings Heath,52.438860,-1.893667,KIH,,england
Kings Langley,51.70631,-0.438411,KGL,,england
Kings Lynn,52.754108,0.403475,KLN,,england
Kings Norton,52.414241,-1.932615,KNN,,england
Kings Nympton,50.935921,-3.905634,KGN,,england
Kings Park,55.819512,-4.246282,KGP,,scotland
Kings Sutton,52.021091,-1.280973,KGS,,england
Kingsknowe,55.918909,-3.264857,KGE,,scotland
Kingston,51.412933,-0.301820,KNG,,england
Kingswood,51.294807,-0.211439,KND,,england
Kingussie,57.077790,-4.053181,KIN,,scotland
Kintbury,51.40247,-1.445059,KIT,,england
Kintore,57.243611,-2.350278,KTR,,scotland
Kirby Cross,51.841507,1.213797,KBX,,england
Kirk Sandall,53.56347,-1.075006,KKS,,england
Kirkby,53.486390,-2.902805,KIR,,england
Kirkby Stephen,54.455135,-2.368603,KSW,,england
Kirkby in Ashfield,53.099758,-1.253278,KKB,,england
Kirkby-In-Furness,54.232903,-3.187217,KBF,,england
Kirkcaldy,56.112042,-3.167018,KDY,,scotland
Kirkconnel,55.387509,-3.998810,KRK,,scotland
Kirkdale,53.440896,-2.981093,KKD,,england
Kirkham & Wesham,53.786905,-2.883380,KKM,,england
Kirkhill,55.814156,-4.168751,KKH,,scotland
Kirknewton,55.888933,-3.433517,KKN,,scotland
Kirkstall Forge,53.825301,-1.627075,KLF,,england
Kirkwood,55.854174,-4.048299,KWD,,scotland
Kirton Lindsey,53.485262,-0.593551,KTL,,england
Kiveton Bridge,53.340936,-1.267081,KIV,,england
Kiveton Park,53.336975,-1.240052,KVP,,england
Knaresborough,54.008755,-1.470482,KNA,,england
Knebworth,51.867042,-0.187051,KBW,,england
Knighton,52.345043,-3.042232,KNI,,england
Knockholt,51.34573,0.130865,KCK,,england
Knottingley,53.706528,-1.259172,KNO,,england
Knucklas,52.359833,-3.096907,KNU,,wales
Knutsford,53.301956,-2.372101,KNF,,england
Kyle of Lochalsh,57.280207,-5.713868,KYL,,scotland
Ladybank,56.274246,-3.121595,LDY,,scotland
Ladywell,51.456291,-0.019445,LAD,,england
Laindon,51.567566,0.424063,LAI,,england
Lairg,58.001890,-4.399868,LRG,,scotland
Lake,50.646183,-1.166470,LKE,,england
Lakenheath,52.447456,0.533911,LAK,,england
Lamphey,51.667145,-4.873332,LAM,,wales
Lanark,55.673503,-3.772423,LNK,,scotland
Lancaster,54.048553,-2.807934,LAN,,england
Lancing,50.827015,-0.323103,LAC,,england
Landywood,52.657101,-2.020659,LAW,,england
Langbank,55.924725,-4.586326,LGB,,scotland
Langho,53.804811,-2.448824,LHO,,england
Langley,51.507818,-0.540905,LNY,,england
Langley Green,52.493486,-2.005431,LGG,,england
Langley Mill,53.018236,-1.330982,LGM,,england
Langside,55.820959,-4.276303,LGS,,scotland
Langwathby,54.694363,-2.663557,LGW,,england
Langwith - Whaley Thorns,53.232885,-1.208882,LAG,,england
Lapford,50.857075,-3.810746,LAP,,england
Lapworth,52.341803,-1.725814,LPW,,england
Larbert,56.022135,-3.829793,LBT,,scotland
Largs,55.792497,-4.867033,LAR,,scotland
Larkhall,55.738610,-3.975011,LRH,,scotland
Laurencekirk,56.837101,-2.464781,LAU,,scotland
Lawrence Hill,51.458168,-2.564183,LWH,,england
Layton,53.835625,-3.030249,LAY,,england
Lazonby & Kirkoswald,54.750815,-2.703691,LZB,,england
Lea Bridge,51.566751,-0.037122,LEB,,england
Lea Green,53.426714,-2.725120,LEG,,england
Lea Hall,52.480709,-1.786457,LEH,,england
Leagrave,51.905304,-0.459139,LEA,,england
Lealholm,54.460459,-0.825511,LHM,,england
Leamington Spa,52.284610,-1.535803,LMS,,england
Leasowe,53.408035,-3.099624,LSW,,england
Leatherhead,51.299114,-0.333041,LHD,,england
Ledbury,52.044991,-2.425728,LED,,england
Lee,51.449689,0.014373,LEE,,england
Leeds,53.794414,-1.548621,LDS,,england
Leicester,52.632109,-1.123606,LEI,,england
Leigh (Kent),51.194057,0.211179,LIH,,england
Leigh-on-Sea,51.541211,0.639457,LES,,england
Leighton Buzzard,51.916046,-0.676874,LBZ,,england
Lelant,50.183887,-5.436207,LEL,,england
Lelant Saltings,50.178586,-5.441159,LTS,,england
Lenham,51.234462,0.707241,LEN,,england
Lenzie,55.921364,-4.153932,LNZ,,scotland
Leominster,52.225809,-2.730445,LEO,,england
Letchworth Garden City,51.980305,-0.229403,LET,,england
Leuchars,56.374796,-2.893855,LEU,,scotland
Leven,56.1923,-3.002,LEV,,scotland
Levenshulme,53.444904,-2.192957,LVM,,england
Lewes,50.870281,0.012455,LWS,,england
Lewisham,51.465644,-0.013956,LEW,,england
Leyland,53.69886,-2.687101,LEY,,england
Leyton Midland Road,51.569393,-0.007313,LEM,,england
Leytonstone High Road,51.563725,0.008304,LER,,england
Lichfield City,52.680347,-1.825431,LIC,,england
Lichfield Trent Valley,52.6869,-1.800014,LTV,,england
Lidlington,52.041385,-0.558972,LID,,england
Limehouse,51.512870,-0.039046,LHS,,england
Lincoln Central,53.226107,-0.539845,LCN,,england
Lingfield,51.176392,-0.007151,LFD,,england
Lingwood,52.621872,1.489735,LGD,,england
Linlithgow,55.976394,-3.595787,LIN,,scotland
Liphook,51.071222,-0.800126,LIP,,england
Liskeard,50.446819,-4.469529,LSK,,england
Liss,51.044254,-0.893023,LIS,,england
Lisvane & Thornhill,51.544357,-3.185344,LVT,,wales
Little Kimble,51.752243,-0.808511,LTK,,england
Little Sutton,53.285537,-2.943134,LTT,,england
Littleborough,53.642988,-2.094698,LTL,,england
Littlehampton,50.810226,-0.546547,LIT,,england
Littlehaven,51.079514,-0.308276,LVN,,england
Littleport,52.462334,0.316381,LTP,,england
Liverpool Central,53.404221,-2.979509,LVC,,england
Liverpool Lime Street,53.407299,-2.977746,LIV,,england
Liverpool South Parkway,53.3577,-2.8897,LPY,,england
Livingston North,55.901736,-3.543357,LSN,,scotland
Livingston South,55.871604,-3.501489,LVG,,scotland
Llanaber,52.741398,-4.077166,LLA,,wales
Llanbedr,52.820360,-4.109602,LBR,,wales
Llanbister Road,52.336319,-3.213187,LLT,,wales
Llanbradach,51.604107,-3.233052,LNB,,wales
Llandaf,51.508498,-3.229247,LLN,,wales
Llandanwg,52.836232,-4.123615,LDN,,wales
Llandecwyn,52.921019,-4.056556,LLC,,wales
Llandeilo,51.885172,-3.986839,LLL,,wales
Llandovery,51.99509,-3.803163,LLV,,wales
Llandrindod,52.242687,-3.37963,LLO,,wales
Llandudno,53.320283,-3.827823,LLD,,wales
Llandudno Junction,53.283953,-3.809102,LLJ,,wales
Llandybie,51.820933,-4.003738,LLI,,wales
Llanelli,51.673780,-4.161073,LLE,,wales
Llanfairfechan,53.257278,-3.983256,LLF,,wales
Llanfairpwll,53.22094,-4.209263,LPG,,wales
Llangadog,51.940268,-3.893198,LLG,,wales
Llangammarch,52.114207,-3.555118,LLM,,wales
Llangennech,51.691093,-4.078988,LLH,,wales
Llangynllo,52.350227,-3.161273,LGO,,wales
Llanharan,51.537630,-3.441655,LLR,,wales
Llanhilleth,51.700038,-3.134211,LTH,,wales
Llanishen,51.532996,-3.181843,LLS,,wales
Llanrwst,53.139054,-3.794664,LWR,,wales
Llansamlet,51.661507,-3.885462,LAS,,wales
Llantwit Major,51.409650,-3.481428,LWM,,wales
Llanwrda,51.962551,-3.871719,LNR,,wales
Llanwrtyd,52.104584,-3.632354,LNW,,wales
Llwyngwril,52.66658,-4.088024,LLW,,wales
Llwynypia,51.633417,-3.453310,LLY,,wales
Loch Awe,56.401822,-5.041685,LHA,,scotland
Loch Eil Outward Bound,56.855404,-5.192921,LHE,,scotland
Lochailort,56.881035,-5.663456,LCL,,scotland
Locheilside,56.855984,-5.290352,LCS,,scotland
Lochgelly,56.134900,-3.313475,LCG,,scotland
Lochluichart,57.621802,-4.808991,LCC,,scotland
Lochwinnoch,55.787174,-4.615722,LHW,,scotland
Lockerbie,55.122406,-3.353789,LOC,,scotland
Lockwood,53.634805,-1.800787,LCK,,england
London Blackfriars,51.510735,-0.103554,BFR,,england
London Bridge,51.505035,-0.085058,LBG,,england
London Cannon Street,51.510525,-0.090589,CST,,england
London Charing Cross,51.507497,-0.123689,CHX,,england
London Euston,51.528853,-0.134191,EUS,,england
London Fenchurch Street,51.511328,-0.077419,FST,,england
London Fields,51.541454,-0.057574,LOF,,england
London Kings Cross,51.532395,-0.123022,KGX,,england
London Liverpool Street,51.518211,-0.081427,LST,,england
London Marylebone,51.524371,-0.163592,MYB,,england
London Paddington,51.517095,-0.177317,PAD,,england
London Road (Brighton),50.836773,-0.136696,LRB,,england
London Road (Guildford),51.24067,-0.56506,LRD,,england
London St Pancras International,51.532720,-0.127003,STP,,england
London Victoria,51.494733,-0.144580,VIC,,england
London Waterloo,51.502838,-0.112801,WAT,,england
London Waterloo East,51.504513,-0.10814,WAE,,england
Long Buckby,52.294414,-1.086056,LBK,,england
Long Eaton,52.884970,-1.287282,LGE,,england
Long Preston,54.016726,-2.255301,LPR,,england
Longbeck,54.589337,-1.030993,LGK,,england
Longbridge,52.397011,-1.980761,LOB,,england
Longcross,51.385277,-0.595084,LNG,,england
Longfield,51.396496,0.299994,LGF,,england
Longniddry,55.976236,-2.888647,LND,,scotland
Longport,53.042091,-2.216712,LPT,,england
Longton,52.990013,-2.137216,LGN,,england
Looe,50.359234,-4.456029,LOO,,england
Lostock,53.572969,-2.494276,LOT,,england
Lostock Gralam,53.267677,-2.465197,LTG,,england
Lostock Hall,53.724316,-2.687069,LOH,,england
Lostwithiel,50.407131,-4.666061,LOS,,england
Loughborough,52.779576,-1.196513,LBO,,england
Loughborough Junction,51.466255,-0.102161,LGJ,,england
Low Moor,53.750137,-1.752384,LMR,,england
Lowdham,53.006433,-0.998225,LOW,,england
Lower Sydenham,51.425056,-0.033746,LSY,,england
Lowestoft,52.474240,1.749987,LWT,,england
Ludlow,52.371101,-2.715980,LUD,,england
Luton,51.882527,-0.414085,LUT,,england
Luton Airport Parkway,51.872845,-0.396124,LTN,LTN,england
Luxulyan,50.390354,-4.748418,LUX,,england
Lydney,51.714281,-2.530482,LYD,,england
Lye,52.459942,-2.116050,LYE,,england
Lymington Pier,50.758083,-1.529275,LYP,,england
Lymington Town,50.761085,-1.537086,LYT,,england
Lympstone Commando,50.662594,-3.440980,LYC,,england
Lympstone Village,50.648621,-3.431419,LYM,,england
Lytham,53.739101,-2.964206,LTM,,england
Macclesfield,53.259331,-2.121397,MAC,,england
Machynlleth,52.595180,-3.854813,MCN,,wales
Maesteg,51.609681,-3.654967,MST,,wales
Maesteg (Ewenny Road),51.605267,-3.648253,MEW,,wales
Maghull,53.506464,-2.930828,MAG,,england
Maghull North,53.5167,-2.9213,MNS,,england
Maiden Newton,50.780226,-2.569663,MDN,,england
Maidenhead,51.518601,-0.722464,MAI,,england
Maidstone Barracks,51.277288,0.514148,MDB,,england
Maidstone East,51.277626,0.519901,MDE,,england
Maidstone West,51.270309,0.515756,MDW,,england
Malden Manor,51.384579,-0.261118,MAL,,england
Mallaig,57.005497,-5.8306,MLG,,scotland
Malton,54.131857,-0.797729,MLT,,england
Malvern Link,52.125809,-2.319568,MVL,,england
Manchester Airport,53.365183,-2.272038,MIA,MAN,england
Manchester Oxford Road,53.47398,-2.242531,MCO,,england
Manchester Piccadilly,53.477220,-2.230140,MAN,,england
Manchester United Football Club,53.463056,-2.291389,MUF,,england
Manchester Victoria,53.487975,-2.242485,MCV,,england
Manea,52.497813,0.177806,MNE,,england
Manningtree,51.949143,1.044928,MNG,,england
Manor Park,51.552296,0.045309,MNP,,england
Manor Road,53.394957,-3.170049,MNR,,england
Manorbier,51.660251,-4.792758,MRB,,wales
Manors,54.972698,-1.606296,MAS,,england
Mansfield,53.142232,-1.198192,MFT,,england
Mansfield Woodhouse,53.1636,-1.201651,MSW,,england
March,52.560085,0.091319,MCH,,england
Marden,51.175441,0.492988,MRN,,england
Margate,51.384926,1.371737,MAR,,england
Market Harborough,52.480366,-0.908868,MHR,,england
Market Rasen,53.384011,-0.336845,MKR,,england
Markinch,56.200413,-3.130802,MNC,,scotland
Marks Tey,51.880695,0.782372,MKT,,england
Marlow,51.570995,-0.766452,MLW,,england
Marple,53.400763,-2.057168,MPL,,england
Marsden,53.603240,-1.930211,MSN,,england
Marsh Barton,50.704390,-3.521486,MBT,,england
Marske,54.587433,-1.018892,MSK,,england
Marston Green,52.467159,-1.755616,MGN,,england
Martin Mill,51.170642,1.347988,MTM,,england
Martins Heron,51.407654,-0.725417,MAO,,england
Marton,54.544225,-1.198362,MTO,,england
Maryhill,55.897503,-4.301149,MYH,,scotland
Maryland,51.545784,0.006075,MYL,,england
Maryport,54.711299,-3.494087,MRY,,england
Matlock,53.138126,-1.558988,MAT,,england
Matlock Bath,53.122553,-1.556872,MTB,,england
Mauldeth Road,53.433661,-2.208947,MAU,,england
Maxwell Park,55.837664,-4.288521,MAX,,scotland
Maybole,55.354649,-4.685378,MAY,,scotland
Maze Hill,51.482883,0.003311,MZH,,england
Meadowhall,53.417112,-1.414130,MHS,,england
Meldreth,52.090687,0.00853,MEL,,england
Melksham,51.379803,-2.14449,MKM,,england
Melton,52.104351,1.338153,MES,,england
Melton Mowbray,52.760643,-0.885564,MMO,,england
Menheniot,50.426183,-4.40938,MEN,,england
Menston,53.892363,-1.735451,MNN,,england
Meols,53.399356,-3.15431,MEO,,england
Meols Cop,53.646070,-2.975381,MEC,,england
Meopham,51.386368,0.356977,MEP,,england
Meridian Water,51.61,-0.0501,MRW,,england
Merryton,55.749008,-3.977516,MEY,,scotland
Merstham,51.264164,-0.149555,MHM,,england
Merthyr Tydfil,51.744479,-3.377356,MER,,wales
Merthyr Vale,51.686607,-3.336622,MEV,,wales
Metheringham,53.138866,-0.391421,MGM,,england
Metrocentre,54.958889,-1.664932,MCE,,england
Mexborough,53.490986,-1.28855,MEX,,england
Micheldever,51.182511,-1.260385,MIC,,england
Micklefield,53.788792,-1.326116,MIK,,england
Middlesbrough,54.579146,-1.234509,MBR,,england
Middlewood,53.360056,-2.083528,MDL,,england
Midgham,51.396066,-1.178291,MDG,,england
Milford (Surrey),51.163179,-0.636894,MLF,,england
Milford Haven,51.715977,-5.041485,MFH,,wales
Mill Hill (Lancs),53.735433,-2.501433,MLH,,england
Mill Hill Broadway,51.612669,-0.248800,MIL,,england
Millbrook (Bedfordshire),52.054237,-0.532358,MLB,,england
Millbrook (Hants),50.911434,-1.433848,MBK,,england
Milliken Park,55.824831,-4.534208,MIN,,scotland
Millom,54.210831,-3.271108,MLM,,england
Mills Hill,53.550856,-2.171473,MIH,,england
Milngavie,55.940874,-4.314283,MLN,,scotland
Milton Keynes Central,52.034201,-0.774826,MKC,,england
Minffordd,52.926029,-4.084903,MFF,,wales
Minster,51.329167,1.317106,MSR,,england
Mirfield,53.671577,-1.692696,MIR,,england
Mistley,51.943586,1.081649,MIS,,england
Mitcham Eastfields,51.407725,-0.154764,MTC,,england
Mitcham Junction,51.392887,-0.157308,MIJ,,england
Mobberley,53.329941,-2.333309,MOB,,england
Monifieth,56.480167,-2.818249,MON,,scotland
Monks Risborough,51.735819,-0.829318,MRS,,england
Montpelier,51.468205,-2.588525,MTP,,england
Montrose,56.71286,-2.47207,MTS,,scotland
Moorfields,53.408534,-2.989182,MRF,,england
Moorgate,51.518252,-0.089063,MOG,,england
Moorside,53.516363,-2.352749,MSD,,england
Moorthorpe,53.594894,-1.304812,MRP,,england
Morar,56.968955,-5.822089,MRR,,scotland
Morchard Road,50.831841,-3.776424,MRD,,england
Morden South,51.395678,-0.199240,MDS,,england
Morecambe,54.070328,-2.868548,MCM,,england
Moreton (Dorset),50.701184,-2.314140,MTN,,england
Moreton (Merseyside),53.407278,-3.113210,MRT,,england
Moreton-In-Marsh,51.992182,-1.700266,MIM,,england
Morfa Mawddach,52.707719,-4.031588,MFA,,wales
Morley,53.750590,-1.589163,MLY,,england
Morpeth,55.162537,-1.682903,MPT,,england
Mortimer,51.371941,-1.035979,MOR,,england
Mortlake,51.468064,-0.267371,MTL,,england
Moses Gate,53.55604,-2.400931,MSS,,england
Moseley Village,52.447651,-1.884842,MOV,,england
Moss Side,53.764753,-2.942962,MOS,,england
Mossley (Manchester),53.514963,-2.041263,MSL,,england
Mossley Hill,53.378557,-2.914829,MSH,,england
Mosspark,55.840670,-4.347188,MPK,,scotland
Moston,53.523252,-2.171027,MSO,,england
Motherwell,55.791927,-3.995234,MTH,,scotland
Motspur Park,51.395042,-0.23916,MOT,,england
Mottingham,51.440252,0.049962,MTG,,england
Mottisfont & Dunbridge,51.033987,-1.546942,DBG,,england
Mouldsworth,53.231976,-2.732546,MLD,,england
Moulsecoomb,50.846538,-0.119065,MCB,,england
Mount Florida,55.826803,-4.261105,MFL,,scotland
Mount Vernon,55.840466,-4.132684,MTV,,scotland
Mountain Ash,51.681762,-3.376667,MTA,,wales
Muir of Ord,57.517668,-4.460219,MOO,,scotland
Muirend,55.810459,-4.273888,MUI,,scotland
Musselburgh,55.933457,-3.072486,MUB,,scotland
Mytholmroyd,53.729496,-1.981773,MYT,,england
Nafferton,54.011343,-0.385624,NFN,,england
Nailsea & Backwell,51.419672,-2.749690,NLS,,england
Nairn,57.580245,-3.871830,NRN,,scotland
Nantwich,53.063533,-2.518868,NAN,,england
Narberth,51.799482,-4.727072,NAR,,wales
Narborough,52.571712,-1.20318,NBR,,england
Navigation Road,53.395412,-2.3435,NVR,,england
Neath,51.662315,-3.807267,NTH,,wales
Needham Market,52.152627,1.055546,NMT,,england
Neilston,55.782815,-4.427202,NEI,,scotland
Nelson,53.834469,-2.214223,NEL,,england
Neston,53.291747,-3.062996,NES,,england
Netherfield,52.961406,-1.079360,NET,,england
Nethertown,54.456227,-3.565624,NRT,,england
Netley,50.874977,-1.341913,NTL,,england
New Barnet,51.648521,-0.172972,NBA,,england
New Beckenham,51.416988,-0.035525,NBC,,england
New Brighton,53.437388,-3.048046,NBN,,england
New Clee,53.574455,-0.060771,NCE,,england
New Cross,51.476299,-0.032984,NWX,,england
New Cross Gate,51.475298,-0.040429,NXG,,england
New Cumnock,55.402236,-4.183355,NCK,,scotland
New Eltham,51.438014,0.070947,NEH,,england
New Holland,53.701985,-0.360153,NHL,,england
New Hythe,51.312401,0.455075,NHE,,england
New Lane,53.611298,-2.86758,NLN,,england
New Malden,51.403962,-0.255759,NEM,,england
New Mills Central,53.364864,-2.005569,NMC,,england
New Mills Newtown,53.359464,-2.008203,NMN,,england
New Milton,50.755836,-1.658313,NWM,,england
New Pudsey,53.804671,-1.680537,NPD,,england
New Southgate,51.613876,-0.142586,NSG,,england
Newark Castle,53.079987,-0.813151,NCT,,england
Newark Northgate,53.081375,-0.799494,NNG,,england
Newbridge,51.665390,-3.143185,NBE,,wales
Newbury,51.397599,-1.322608,NBY,,england
Newbury Racecourse,51.398654,-1.306971,NRC,,england
Newcastle,54.968336,-1.616046,NCL,,england
Newcourt,50.702654,-3.472573,NCO,,england
Newcraighall,55.932975,-3.090670,NEW,,scotland
Newhaven Harbour,50.789800,0.055162,NVH,,england
Newhaven Town,50.794888,0.054627,NVN,,england
Newington,51.353567,0.666785,NGT,,england
Newmarket,52.238341,0.407349,NMK,,england
Newport (Essex),51.979863,0.215334,NWE,,england
Newport (South Wales),51.588768,-3.000425,NWP,,wales
Newquay,50.414442,-5.075129,NQY,,england
Newsham,55.102754,-1.523983,NWH,,england
Newstead,53.069961,-1.222036,NSD,,england
Newton,55.818841,-4.133577,NTN,,scotland
Newton Abbot,50.530151,-3.599226,NTA,,england
Newton Aycliffe,54.613754,-1.589668,NAY,,england
Newton St Cyres,50.77879,-3.588594,NTC,,england
Newton for Hyde,53.456700,-2.067531,NWN,,england
Newton-Le-Willows,53.453145,-2.612885,NLW,,england
Newton-On-Ayr,55.473966,-4.625979,NOA,,scotland
Newtongrange,55.864668,-3.068882,NEG,,scotland
Newtonmore,57.059133,-4.118947,NWR,,scotland
Newtown (Powys),52.512291,-3.311432,NWT,,wales
Ninian Park,51.476523,-3.201387,NNP,,wales
Nitshill,55.811531,-4.360126,NIT,,scotland
Norbiton,51.412311,-0.284084,NBT,,england
Norbury,51.411370,-0.121802,NRB,,england
Normans Bay,50.826050,0.389576,NSB,,england
Normanton,53.700400,-1.423507,NOR,,england
North Berwick,56.056641,-2.730971,NBW,,scotland
North Camp,51.275517,-0.731195,NCM,,england
North Dulwich,51.454178,-0.088329,NDL,,england
North Fambridge,51.64859,0.681703,NFA,,england
North Llanrwst,53.144122,-3.802822,NLR,,wales
North Queensferry,56.012448,-3.394656,NQU,,scotland
North Road,54.535730,-1.553929,NRD,,england
North Sheen,51.465325,-0.286582,NSH,,england
North Walsham,52.816865,1.384570,NWA,,england
North Wembley,51.562355,-0.303394,NWB,,england
Northallerton,54.332473,-1.441378,NTR,,england
Northampton,52.237433,-0.906689,NMP,,england
Northfield,52.408073,-1.96469,NFD,,england
Northfleet - Cooper Arms,51.446384,0.324092,NFL,,england
Northolt Park,51.557762,-0.359827,NLT,,england
Northumberland Park (London),51.601643,-0.053558,NUM,,england
Northumberland Park (Tyne and Wear),55.033,-1.52,NOP,,england
Northwich,53.261414,-2.496815,NWI,,england
Norwich,52.626307,1.307688,NRW,,england
Norwood Junction,51.396965,-0.075201,NWD,,england
Nottingham,52.947304,-1.144956,NOT,,england
Nuneaton,52.526761,-1.464184,NUN,,england
Nunhead,51.466835,-0.052375,NHD,,england
Nunthorpe,54.528347,-1.170195,NNT,,england
Nutbourne,50.846313,-0.883508,NUT,,england
Nutfield,51.22702,-0.132425,NUF,,england
Oakengates,52.693091,-2.450188,OKN,,england
Oakham,52.671913,-0.734019,OKM,,england
Oakleigh Park,51.637627,-0.166189,OKL,,england
Oban,56.412207,-5.474578,OBN,,scotland
Ockendon,51.521687,0.290439,OCK,,england
Ockley,51.151569,-0.336169,OLY,,england
Okehampton,50.732333,-3.996422,OKE,,england
Okehampton Interchange,50.743393,-3.976171,OKI,,england
Old Hill,52.470993,-2.055913,OHL,,england
Old Roan,53.486871,-2.951095,ORN,,england
Old Street,51.525628,-0.087609,OLD,,england
Oldfield Park,51.379209,-2.380154,OLF,,england
Olton,52.43848,-1.804313,OLT,,england
Ore,50.866864,0.591633,ORE,,england
Ormskirk,53.569584,-2.880905,OMS,,england
Orpington,51.373463,0.089049,ORP,,england
Orrell,53.530548,-2.709028,ORR,,england
Orrell Park,53.461991,-2.962908,OPK,,england
Otford,51.312932,0.197176,OTF,,england
Oulton Broad North,52.477729,1.716176,OUN,,england
Oulton Broad South,52.469528,1.707425,OUS,,england
Outwood,53.715296,-1.510427,OUT,,england
Overpool,53.284155,-2.924788,OVE,,england
Overton,51.254137,-1.259975,OVR,,england
Oxenholme Lake District,54.305169,-2.722249,OXN,,england
Oxford,51.753549,-1.270037,OXF,,england
Oxford Parkway,51.803747,-1.275093,OXP,,england
Oxshott,51.336100,-0.362542,OXS,,england
Oxted,51.257843,-0.004558,OXT,,england
Paddock Wood,51.182453,0.389485,PDW,,england
Padgate,53.405514,-2.556521,PDG,,england
Paignton,50.434658,-3.564361,PGN,,england
Paisley Canal,55.840182,-4.422759,PCN,,scotland
Paisley Gilmour Street,55.847387,-4.424282,PYG,,scotland
Paisley St James,55.852165,-4.442486,PYJ,,scotland
Palmers Green,51.618661,-0.110169,PAL,,england
Pangbourne,51.485231,-1.090522,PAN,,england
Pannal,53.958511,-1.532787,PNL,,england
Pantyffynnon,51.778835,-3.997481,PTF,,wales
Par,50.355715,-4.704613,PAR,,england
Parbold,53.590856,-2.770679,PBL,,england
Park Street,51.725651,-0.340727,PKT,,england
Parkstone (Dorset),50.722961,-1.947848,PKS,,england
Parson Street,51.432994,-2.608537,PSN,,england
Partick,55.869921,-4.309437,PTK,,scotland
Parton,54.570423,-3.580780,PRN,,england
Patchway,51.52578,-2.562647,PWY,,england
Patricroft,53.484745,-2.357919,PAT,,england
Patterton,55.790443,-4.334935,PTT,,scotland
Peartree,52.897602,-1.472291,PEA,,england
Peckham Rye,51.470006,-0.069413,PMR,,england
Pegswood,55.178323,-1.643720,PEG,,england
Pemberton,53.530427,-2.670225,PEM,,england
Pembrey & Burry Port,51.684059,-4.248962,PBY,,wales
Pembroke,51.673061,-4.906445,PMB,,wales
Pembroke Dock,51.693883,-4.937596,PMD,,wales
Pen-Y-Bont,52.274342,-3.321580,PNY,,wales
Penally,51.65905,-4.72243,PNA,,wales
Penarth,51.435849,-3.174678,PEN,,wales
Pencoed,51.523904,-3.501372,PCD,,wales
Pengam,51.670208,-3.229974,PGM,,wales
Penge East,51.419315,-0.054136,PNE,,england
Penge West,51.417503,-0.060661,PNW,,england
Penhelig,52.545692,-4.035203,PHG,,wales
Penistone,53.525632,-1.622676,PNS,,england
Penkridge,52.723611,-2.119447,PKG,,england
Penmaenmawr,53.270635,-3.923514,PMW,,wales
Penmere,50.150380,-5.083259,PNM,,england
Penrhiwceiber,51.670189,-3.360143,PER,,wales
Penrhyndeudraeth,52.928623,-4.064905,PRH,,wales
Penrith,54.661997,-2.758803,PNR,,england
Penryn,50.170580,-5.111510,PYN,,england
Pensarn,52.830456,-4.111272,PES,,wales
Penshurst,51.197273,0.173181,PHR,,england
Pentre-Bach,51.724976,-3.362362,PTB,,wales
Penychain,52.903,-4.33845,PNC,,wales
Penyffordd,53.142600,-3.054836,PNF,,wales
Penzance,50.122440,-5.532028,PNZ,,england
Perranwell,50.216431,-5.111868,PRW,,england
Perry Barr,52.516361,-1.90196,PRY,,england
Pershore,52.130740,-2.072399,PSH,,england
Perth,56.391475,-3.438396,PTH,,scotland
Peterborough,52.574604,-0.250316,PBO,,england
Petersfield,51.006524,-0.941721,PTR,,england
Petts Wood,51.388626,0.074561,PET,,england
Pevensey & Westham,50.815899,0.325291,PEV,,england
Pevensey Bay,50.817670,0.343199,PEB,,england
Pewsey,51.342235,-1.770691,PEW,,england
Pilning,51.556502,-2.627192,PIL,,england
Pineapple Road,52.430307,-1.907794,PIR,,england
Pinhoe,50.738079,-3.469582,PIN,,england
Pitlochry,56.70256,-3.736085,PIT,,scotland
Pitsea,51.560240,0.507976,PSE,,england
Pleasington,53.730961,-2.544142,PLS,,england
Plockton,57.333591,-5.665892,PLK,,scotland
Pluckley,51.156485,0.746582,PLC,,england
Plumley,53.274809,-2.419615,PLM,,england
Plumpton,50.928463,-0.059810,PMP,,england
Plumstead,51.489768,0.084018,PLU,,england
Plymouth,50.377762,-4.143386,PLY,,england
Pokesdown,50.731187,-1.826734,POK,,england
Polegate,50.821128,0.246748,PLG,,england
Polesworth,52.625835,-1.610705,PSW,,england
Pollokshaws East,55.824589,-4.287476,PWE,,scotland
Pollokshaws West,55.823854,-4.301414,PWW,,scotland
Pollokshields East,55.841103,-4.269287,PLE,,scotland
Pollokshields West,55.837640,-4.276154,PLW,,scotland
Polmont,55.984479,-3.714473,PMT,,scotland
Polsloe Bridge,50.731274,-3.501785,POL,,england
Ponders End,51.642693,-0.034453,PON,,england
Pont-Y-Pant,53.065033,-3.862462,PYP,,wales
Pontarddulais,51.716866,-4.045417,PTD,,wales
Pontefract Baghill,53.691517,-1.303355,PFR,,england
Pontefract Monkhill,53.698711,-1.304749,PFM,,england
Pontefract Tanshelf,53.694003,-1.318904,POT,,england
Pontlottyn,51.74659,-3.278995,PLT,,wales
Pontyclun,51.523840,-3.392055,PYC,,wales
Pontypool and New Inn,51.697327,-3.013550,PPL,,wales
Pontypridd,51.599296,-3.341837,PPD,,wales
Poole,50.719321,-1.983640,POO,,england
Poppleton,53.975960,-1.148407,POP,,england
Port Glasgow,55.933532,-4.690478,PTG,,scotland
Port Sunlight,53.348481,-2.998251,PSL,,england
Port Talbot Parkway,51.592439,-3.781716,PTA,,wales
Portchester,50.848850,-1.125024,PTC,,england
Porth,51.612473,-3.407632,POR,,wales
Porthmadog,52.930988,-4.135307,PTM,,wales
Portlethen,57.061333,-2.128080,PLN,,scotland
Portslade,50.836044,-0.204898,PLD,,england
Portsmouth & Southsea,50.798201,-1.090679,PMS,,england
Portsmouth Arms,50.956979,-3.951280,PMA,,england
Portsmouth Harbour,50.796703,-1.108781,PMH,,england
Portway Park & Ride,51.488108,-2.687559,PRI,,england
Possilpark & Parkhouse,55.890141,-4.258353,PPK,,scotland
Potters Bar,51.697392,-0.192715,PBR,,england
Poulton-Le-Fylde,53.848128,-2.990212,PFY,,england
Poynton,53.350398,-2.13448,PYT,,england
Prees,52.89962,-2.689765,PRS,,england
Prescot,53.423535,-2.799022,PSC,,england
Prestatyn,53.336491,-3.407164,PRT,,wales
Prestbury,53.293465,-2.14549,PRB,,england
Preston,53.755721,-2.707191,PRE,,england
Preston Park,50.846054,-0.154787,PRP,,england
Prestonpans,55.952776,-2.975452,PST,,scotland
Prestwick International Airport,55.509023,-4.614140,PRA,PIK,scotland
Prestwick Town,55.501675,-4.613935,PTW,,scotland
Priesthill & Darnley,55.812035,-4.342964,PTL,,scotland
Princes Risborough,51.717697,-0.844059,PRR,,england
Prittlewell,51.550593,0.710649,PRL,,england
Prudhoe,54.966072,-1.864077,PRU,,england
Pulborough,50.957591,-0.516471,PUL,,england
Purfleet,51.481358,0.236575,PFL,,england
Purley,51.337334,-0.113592,PUR,,england
Purley Oaks,51.346989,-0.098843,PUO,,england
Putney,51.460934,-0.215348,PUT,,england
Pwllheli,52.888195,-4.416156,PWL,,wales
Pye Corner,51.581304,-3.041223,PYE,,wales
Pyle,51.525360,-3.697661,PYL,,wales
Quakers Yard,51.660686,-3.322844,QYD,,wales
Queenborough,51.415948,0.749774,QBR,,england
Queens Park (Glasgow),55.835349,-4.266965,QPK,,scotland
Queens Park (London),51.533916,-0.204966,QPW,,england
Queens Road Peckham,51.47401,-0.057553,QRP,,england
Queenstown Road (Battersea),51.475216,-0.146293,QRB,,england
Quintrell Downs,50.404123,-5.028848,QUI,,england
Radcliffe (Nottinghamshire),52.948790,-1.036972,RDF,,england
Radlett,51.685325,-0.317089,RDT,,england
Radley,51.685588,-1.240398,RAD,,england
Radyr,51.516590,-3.249026,RDR,,wales
Rainford,53.517109,-2.788578,RNF,,england
Rainham (Essex),51.516720,0.190622,RNM,,england
Rainham (Kent),51.36657,0.611698,RAI,,england
Rainhill,53.417129,-2.766398,RNH,,england
Ramsgate,51.341076,1.405226,RAM,,england
Ramsgreave & Wilpshire,53.779994,-2.478061,RGW,,england
Rannoch,56.686150,-4.576951,RAN,,scotland
Rauceby,52.985278,-0.455970,RAU,,england
Ravenglass for Eskdale,54.355804,-3.409456,RAV,,england
Ravensbourne,51.414313,-0.007629,RVB,,england
Ravensthorpe,53.675559,-1.655748,RVN,,england
Rawcliffe,53.688943,-0.961271,RWC,,england
Rayleigh,51.589487,0.600248,RLG,,england
Raynes Park,51.408966,-0.230540,RAY,,england
Reading,51.459220,-0.972318,RDG,,england
Reading Green Park,51.426667,-1.001389,RGP,,england
Reading West,51.454648,-0.990717,RDW,,england
Rectory Road,51.55872,-0.068379,REC,,england
Redbridge,50.919537,-1.469603,RDB,,england
Redcar Central,54.615986,-1.070322,RCC,,england
Redcar East,54.609055,-1.051925,RCE,,england
Reddish North,53.449743,-2.156756,RDN,,england
Reddish South,53.435873,-2.159028,RDS,,england
Redditch,52.306337,-1.945248,RDC,,england
Redhill,51.240055,-0.165577,RDH,,england
Redland,51.468792,-2.598875,RDA,,england
Redruth,50.233111,-5.225877,RED,,england
Reedham (London),51.331129,-0.123421,RHM,,england
Reedham (Norfolk),52.564446,1.559524,REE,,england
Reigate,51.241623,-0.203474,REI,,england
Renton,55.970566,-4.586181,RTN,,scotland
Reston,55.849914,-2.192602,RSN,,scotland
Retford,53.313994,-0.945985,RET,,england
Rhiwbina,51.521084,-3.214483,RHI,,wales
Rhoose Cardiff Airport,51.387155,-3.349446,RIA,CWL,wales
Rhosneigr,53.234782,-4.505768,RHO,,wales
Rhyl,53.318409,-3.489144,RHL,,wales
Rhymney,51.759064,-3.289494,RHY,,wales
Ribblehead,54.205776,-2.36087,RHD,,england
Rice Lane,53.457506,-2.963095,RIL,,england
Richmond,51.463207,-0.300413,RMD,,england
Rickmansworth,51.640447,-0.473013,RIC,,england
Riddlesdown,51.332611,-0.099436,RDD,,england
Ridgmont,52.026588,-0.594903,RID,,england
Riding Mill,54.949066,-1.97186,RDM,,england
Risca & Pontymister,51.605804,-3.092041,RCA,,wales
Rishton,53.763813,-2.420165,RIS,,england
Robertsbridge,50.985554,0.468681,RBR,,england
Robroyston,55.886885,-4.174391,RRN,,scotland
Roby,53.410034,-2.855956,ROB,,england
Rochdale,53.610573,-2.152835,RCD,,england
Roche,50.418911,-4.830658,ROC,,england
Rochester,51.389207,0.507294,RTR,,england
Rochford,51.581276,0.701959,RFD,,england
Rock Ferry,53.372800,-3.010821,RFY,,england
Rogart,57.988979,-4.158224,ROG,,scotland
Rogerstone,51.595442,-3.066242,ROR,,wales
Rolleston,53.065536,-0.900095,ROL,,england
Roman Bridge,53.044319,-3.92125,RMB,,wales
Romford,51.574727,0.182611,RMF,,england
Romiley,53.414026,-2.089307,RML,,england
Romsey,50.992641,-1.492716,ROM,,england
Roose,54.115157,-3.19457,ROO,,england
Rose Grove,53.786686,-2.282282,RSG,,england
Rose Hill Marple,53.396176,-2.076502,RSH,,england
Rosyth,56.045376,-3.426329,ROS,,scotland
Rotherham Central,53.431699,-1.361046,RMC,,england
Rotherhithe,51.500824,-0.051967,ROE,,england
Roughton Road,52.917828,1.299239,RNR,,england
Rowlands Castle,50.892470,-0.957274,RLN,,england
Rowley Regis,52.477299,-2.030885,ROW,,england
Roy Bridge,56.888184,-4.83645,RYB,,scotland
Roydon,51.775439,0.036514,RYN,,england
Royston,52.053509,-0.026686,RYS,,england
Ruabon,52.987240,-3.043341,RUA,,wales
Rufford,53.634374,-2.807952,RUF,,england
Rugby,52.379035,-1.250274,RUG,,england
Rugeley Town,52.754672,-1.936963,RGT,,england
Rugeley Trent Valley,52.769451,-1.930309,RGL,,england
Runcorn,53.338696,-2.73919,RUN,,england
Runcorn East,53.327940,-2.665496,RUE,,england
Ruskington,53.041615,-0.380127,RKT,,england
Ruswarp,54.469940,-0.627775,RUS,,england
Rutherglen,55.830448,-4.212766,RUT,,scotland
Ryde Esplanade,50.733050,-1.159602,RYD,,england
Ryde Pier Head,50.738994,-1.160409,RYP,,england
Ryde St Johns Road,50.724184,-1.156616,RYR,,england
Ryder Brow,53.456954,-2.173955,RRB,,england
Rye,50.952632,0.731021,RYE,,england
Rye House,51.769361,0.005522,RYH,,england
Salford Central,53.482877,-2.255516,SFD,,england
Salford Crescent,53.486462,-2.275715,SLD,,england
Salfords,51.201412,-0.162096,SAF,,england
Salhouse,52.675582,1.391367,SAH,,england
Salisbury,51.070571,-1.806414,SAL,,england
Saltaire,53.838560,-1.790797,SAE,,england
Saltash,50.407108,-4.209449,STS,,england
Saltburn,54.583419,-0.975223,SLB,,england
Saltcoats,55.633648,-4.784804,SLT,,scotland
Saltmarshe,53.722066,-0.809166,SAM,,england
Salwick,53.781536,-2.817973,SLW,,england
Sandal & Agbrigg,53.662811,-1.480623,SNA,,england
Sandbach,53.150113,-2.393528,SDB,,england
Sanderstead,51.348694,-0.093017,SNR,,england
Sandhills,53.429537,-2.992002,SDL,,england
Sandhurst,51.34642,-0.803911,SND,,england
Sandling,51.09021,1.065995,SDG,,england
Sandown,50.657101,-1.162457,SAN,,england
Sandplace,50.387596,-4.464799,SDP,,england
Sandwell & Dudley,52.508431,-2.011281,SAD,,england
Sandwich,51.269973,1.342230,SDW,,england
Sandy,52.124931,-0.28065,SDY,,england
Sankey for Penketh,53.392452,-2.651094,SNK,,england
Sanquhar,55.370964,-3.924699,SQH,,scotland
Sarn,51.538511,-3.589530,SRR,,wales
Saundersfoot,51.722004,-4.718053,SDF,,wales
Saunderton,51.675751,-0.825626,SDR,,england
Sawbridgeworth,51.814625,0.160177,SAW,,england
Saxilby,53.267193,-0.664018,SXY,,england
Saxmundham,52.215309,1.489965,SAX,,england
Scarborough,54.279148,-0.406235,SCA,,england
Scotscalder,58.482850,-3.552070,SCT,,scotland
Scotstounhill,55.885013,-4.352955,SCH,,scotland
Scunthorpe,53.58617,-0.650951,SCU,,england
Sea Mills,51.479501,-2.649651,SML,,england
Seaburn,54.929558,-1.38667,SEB,,england
Seaford,50.772924,0.099946,SEF,,england
Seaforth & Litherland,53.465576,-3.004796,SFL,,england
Seaham,54.839091,-1.346378,SEA,,england
Seamer,54.240658,-0.416994,SEM,,england
Seascale,54.396288,-3.485171,SSC,,england
Seaton Carew,54.657959,-1.200106,SEC,,england
Seaton Delaval,55.074728,-1.538377,SEJ,,england
Seer Green & Jordans,51.609524,-0.607809,SRG,,england
Selby,53.782915,-1.063423,SBY,,england
Selhurst,51.392214,-0.088654,SRS,,england
Sellafield,54.416571,-3.510293,SEL,,england
Selling,51.277285,0.941145,SEG,,england
Selly Oak,52.441862,-1.935591,SLY,,england
Settle,54.066897,-2.280704,SET,,england
Seven Kings,51.563992,0.096325,SVK,,england
Seven Sisters,51.582474,-0.074932,SVS,,england
Sevenoaks,51.276412,0.181944,SEV,,england
Severn Beach,51.559864,-2.664227,SVB,,england
Severn Tunnel Junction,51.584253,-2.777297,STJ,,wales
Shadwell,51.511289,-0.056919,SDE,,england
Shalford,51.214264,-0.566789,SFR,,england
Shanklin,50.633842,-1.179841,SHN,,england
Shawfair,55.917697,-3.090224,SFI,,scotland
Shawford,51.022163,-1.327722,SHW,,england
Shawlands,55.828987,-4.292521,SHL,,scotland
Sheerness-On-Sea,51.440559,0.758397,SSS,,england
Sheffield,53.378371,-1.462138,SHF,,england
Shelford,52.149517,0.139805,SED,,england
Shenfield,51.630615,0.330602,SNF,,england
Shenstone,52.638985,-1.844528,SEN,,england
Shepherds Bush,51.506,-0.218,SPB,,england
Shepherds Well,51.188339,1.229952,SPH,,england
Shepley,53.588753,-1.704825,SPY,,england
Shepperton,51.397091,-0.447521,SHP,,england
Shepreth,52.114567,0.031517,STH,,england
Sherborne,50.943979,-2.512970,SHE,,england
Sherburn-In-Elmet,53.797509,-1.232902,SIE,,england
Sheringham,52.941367,1.210790,SHM,,england
Shettleston,55.853645,-4.159585,SLS,,scotland
Shieldmuir,55.777435,-3.957851,SDM,,scotland
Shifnal,52.666007,-2.371689,SFN,,england
Shildon,54.626193,-1.636710,SHD,,england
Shiplake,51.51121,-0.882452,SHI,,england
Shipley,53.833553,-1.773558,SHY,,england
Shippea Hill,52.430218,0.412299,SPP,,england
Shipton,51.865983,-1.592647,SIP,,england
Shirebrook,53.204121,-1.202593,SHB,,england
Shirehampton,51.484216,-2.679162,SHH,,england
Shireoaks,53.32481,-1.16821,SRO,,england
Shirley,52.403473,-1.845632,SRL,,england
Shoeburyness,51.531446,0.794567,SRY,,england
Sholing,50.896687,-1.36436,SHO,,england
Shoreditch High Street,51.523253,-0.074467,SDC,,england
Shoreham (Kent),51.332124,0.188777,SEH,,england
Shoreham-By-Sea,50.834358,-0.271709,SSE,ESH,england
Shortlands,51.405905,0.002168,SRT,,england
Shotton,53.21352,-3.037728,SHT,,wales
Shotts,55.818565,-3.799078,SHS,,scotland
Shrewsbury,52.711851,-2.749404,SHR,,england
Sidcup,51.434361,0.103342,SID,,england
Sileby,52.731126,-1.109438,SIL,,england
Silecroft,54.225966,-3.334281,SIC,,england
Silkstone Common,53.535351,-1.563029,SLK,,england
Silver Street,51.615364,-0.067415,SLV,,england
Silverdale,54.169343,-2.803798,SVR,,england
Singer,55.907711,-4.405983,SIN,,scotland
Sittingbourne,51.342078,0.735146,SIT,,england
Skegness,53.143032,0.333926,SKG,,england
Skewen,51.661469,-3.846775,SKE,,wales
Skipton,53.958691,-2.025878,SKI,,england
Slade Green,51.467673,0.190310,SGR,,england
Slaithwaite,53.624159,-1.880603,SWT,,england
Slateford,55.926731,-3.243476,SLA,,scotland
Sleaford,52.995274,-0.410174,SLR,,england
Sleights,54.46088,-0.66246,SLH,,england
Slough,51.511921,-0.591803,SLO,,england
Small Heath,52.463681,-1.859319,SMA,,england
Smallbrook Junction,50.711465,-1.154998,SAB,,england
Smethwick Galton Bridge,52.501826,-1.980632,SGB,,england
Smethwick Rolfe Street,52.49632,-1.969885,SMR,,england
Smithy Bridge,53.632846,-2.114061,SMB,,england
Snaith,53.693192,-1.027678,SNI,,england
Snodland,51.330521,0.448864,SDA,,england
Snowdown,51.214886,1.213187,SWO,,england
Soham,52.334953,0.328096,SOJ,,england
Sole Street,51.383247,0.378169,SOR,,england
Solihull,52.414629,-1.788867,SOL,,england
Somerleyton,52.510152,1.652251,SYT,,england
South Acton,51.499813,-0.269697,SAT,,england
South Bank,54.584011,-1.176271,SBK,,england
South Bermondsey,51.487951,-0.054456,SBM,,england
South Croydon,51.362917,-0.093356,SCY,,england
South Elmsall,53.595234,-1.285286,SES,,england
South Greenford,51.533339,-0.336403,SGN,,england
South Gyle,55.936508,-3.299366,SGL,,scotland
South Hampstead,51.541424,-0.178759,SOH,,england
South Kenton,51.570080,-0.308367,SOK,,england
South Merton,51.40353,-0.205764,SMO,,england
South Milford,53.782382,-1.251129,SOM,,england
South Ruislip,51.556742,-0.398812,SRU,,england
South Tottenham,51.58036,-0.071788,STO,,england
South Wigston,52.582392,-1.134030,SWS,,england
South Woodham Ferrers,51.64957,0.606512,SOF,,england
Southall,51.506020,-0.377501,STL,,england
Southampton Airport Parkway,50.950638,-1.36362,SOA,SOU,england
Southampton Central,50.907742,-1.413983,SOU,,england
Southampton Town Quay,50.895035,-1.405778,STQ,,england
Southbourne,50.848343,-0.907601,SOB,,england
Southbury,51.648396,-0.052998,SBU,,england
Southease,50.831284,0.03066,SEE,,england
Southend Airport,51.569945,0.705347,SIA,SEN,england
Southend Central,51.537359,0.711650,SOC,,england
Southend East,51.539234,0.731196,SOE,,england
Southend Victoria,51.542936,0.711481,SOV,,england
Southminster,51.660873,0.835397,SMN,,england
Southport,53.646597,-3.002229,SOP,,england
Southwick,50.832471,-0.237142,SWK,,england
Sowerby Bridge,53.707886,-1.90756,SOW,,england
Spalding,52.788418,-0.156722,SPA,,england
Spean Bridge,56.889872,-4.921623,SBR,,scotland
Spital,53.339869,-2.993903,SPI,,england
Spondon,52.912267,-1.410627,SPO,,england
Spooner Row,52.535057,1.086088,SPN,,england
Spring Road,52.44392,-1.83666,SRI,,england
Springburn,55.881853,-4.230165,SPR,,scotland
Springfield,56.294936,-3.052887,SPF,,scotland
Squires Gate,53.776990,-3.050171,SQU,,england
St Albans,51.750497,-0.327669,SAC,,england
St Albans Abbey,51.744675,-0.342422,SAA,,england
St Andrews Road,51.512448,-2.696441,SAR,,england
St Annes-On-The-Sea,53.753181,-3.028950,SAS,,england
St Austell,50.339598,-4.789331,SAU,,england
St Bees,54.492465,-3.591263,SBS,,england
St Budeaux Ferry Road,50.401241,-4.186661,SBF,,england
St Budeaux Victoria Road,50.402196,-4.187751,SBV,,england
St Columb Road,50.399002,-4.94085,SCR,,england
St Denys,50.921997,-1.3882,SDN,,england
St Erth,50.170572,-5.443921,SER,,england
St Germans,50.394386,-4.308757,SGM,,england
St Helens Central,53.452661,-2.729978,SNH,,england
St Helens Junction,53.433525,-2.699892,SHJ,,england
St Helier,51.389451,-0.198860,SIH,,england
St Ives,50.208759,-5.477247,SIV,,england
St James Street,51.581172,-0.032205,SJS,,england
St James' Park,50.731094,-3.523202,SJP,,england
St Johns,51.469091,-0.022185,SAJ,,england
St Keyne,50.422821,-4.463348,SKN,,england
St Leonards Warrior Square,50.855942,0.560326,SLQ,,england
St Margarets (Herts),51.787773,0.000837,SMT,,england
St Margarets (London),51.455154,-0.320219,SMG,,england
St Mary Cray,51.394738,0.105719,SMY,,england
St Michaels,53.375938,-2.953530,STM,,england
St Neots,52.231438,-0.247244,SNO,,england
St Peters,54.91066,-1.38387,STZ,,england
Stafford,52.803581,-2.122626,STA,,england
Staines,51.432328,-0.502909,SNS,,england
Stallingborough,53.587167,-0.183436,SLL,,england
Stalybridge,53.484139,-2.064223,SYB,,england
Stamford,52.647832,-0.480087,SMD,,england
Stamford Hill,51.575035,-0.076343,SMH,,england
Stanford-Le-Hope,51.514193,0.422909,SFO,,england
Stanlow & Thornton,53.277996,-2.841318,SNT,,england
Stansted Airport,51.888979,0.26162,SSD,STN,england
Stansted Mountfitchet,51.901495,0.199642,SST,,england
Staplehurst,51.171856,0.55061,SPU,,england
Stapleton Road,51.467446,-2.566318,SRD,,england
Starbeck,53.999004,-1.501116,SBE,,england
Starcross,50.627731,-3.447757,SCS,,england
Staveley,54.375629,-2.818961,SVL,,england
Stechford,52.485156,-1.811035,SCF,,england
Steeton & Silsden,53.900052,-1.944808,SON,,england
Stepps,55.890127,-4.140438,SPS,,scotland
Stevenage,51.901836,-0.207144,SVG,,england
Stevenston,55.634250,-4.750107,STV,,scotland
Stewartby,52.069035,-0.520757,SWR,,england
Stewarton,55.682080,-4.518166,STT,,scotland
Stirling,56.119651,-3.934296,STG,,scotland
Stockport,53.405450,-2.163044,SPT,,england
Stocksfield,54.946811,-1.917189,SKS,,england
Stocksmoor,53.594349,-1.723478,SSM,,england
Stockton,54.56971,-1.31784,STK,,england
Stoke Mandeville,51.787885,-0.784342,SKM,,england
Stoke Newington,51.565079,-0.07244,SKW,,england
Stoke-On-Trent,53.008012,-2.181119,SOT,,england
Stone,52.90832,-2.154951,SNE,,england
Stone Crossing,51.451416,0.263443,SCG,,england
Stonebridge Park,51.544110,-0.276228,SBP,,england
Stonegate,51.020184,0.364016,SOG,,england
Stonehaven,56.966888,-2.225286,STN,,scotland
Stonehouse,51.746029,-2.279516,SHU,,england
Stoneleigh,51.363701,-0.247546,SNL,,england
Stourbridge Junction,52.447563,-2.133857,SBJ,,england
Stourbridge Town,52.455592,-2.141892,SBT,,england
Stow,55.691857,-2.866821,SOI,,scotland
Stowmarket,52.190105,1.000662,SMK,,england
Stranraer,54.909626,-5.024806,STR,,scotland
Stratford (London),51.541289,-0.003547,SRA,,england
Stratford International,51.544795,-0.008749,SFA,,england
Stratford-upon-Avon,52.194945,-1.716304,SAV,,england
Stratford-upon-Avon Parkway,52.20642,-1.7307,STY,,england
Strathcarron,57.422585,-5.429166,STC,,scotland
Strawberry Hill,51.439192,-0.339331,STW,,england
Streatham,51.425755,-0.131535,STE,,england
Streatham Common,51.418629,-0.136136,SRC,,england
Streatham Hill,51.43829,-0.128136,SRH,,england
Streethouse,53.676158,-1.399346,SHC,,england
Strines,53.374932,-2.033544,SRN,,england
Stromeferry,57.352200,-5.550770,STF,,scotland
Strood,51.396597,0.500269,SOO,,england
Stroud,51.744358,-2.218673,STD,,england
Sturry,51.301018,1.121644,STU,,england
Styal,53.348137,-2.240313,SYA,,england
Sudbury & Harrow Road,51.554459,-0.316676,SUD,,england
Sudbury Hill Harrow,51.558423,-0.336092,SDH,,england
Sudbury (Suffolk),52.036265,0.735573,SUY,,england
Sugar Loaf,52.082071,-3.685776,SUG,,wales
Summerston,55.898841,-4.292188,SUM,,scotland
Sunbury,51.418324,-0.417352,SUU,,england
Sunderland,54.90617,-1.382357,SUN,,england
Sundridge Park,51.413957,0.021475,SUP,,england
Sunningdale,51.392146,-0.633243,SNG,,england
Sunnymeads,51.469949,-0.558857,SNY,,england
Surbiton,51.392406,-0.303942,SUR,,england
Surrey Quays,51.493421,-0.047832,SQE,,england
Sutton (London),51.359677,-0.190886,SUO,,england
Sutton Coldfield,52.564801,-1.825177,SUT,,england
Sutton Common,51.375519,-0.196799,SUC,,england
Sutton Parkway,53.114141,-1.245548,SPK,,england
Swale,51.388965,0.746849,SWL,,england
Swanley,51.392727,0.16755,SAY,,england
Swanscombe - George & Dragon,51.448983,0.311584,SWM,,england
Swansea,51.625679,-3.940373,SWA,,wales
Swanwick,50.875723,-1.265780,SNW,,england
Sway,50.784454,-1.609864,SWY,,england
Swaythling,50.941124,-1.376467,SWG,,england
Swinderby,53.169348,-0.702661,SWD,,england
Swindon,51.565700,-1.785284,SWI,,england
Swineshead,52.969593,-0.186255,SWE,,england
Swinton (Manchester),53.514822,-2.337384,SNN,,england
Swinton (South Yorks),53.485598,-1.305621,SWN,,england
Sydenham,51.427742,-0.054221,SYD,,england
Sydenham Hill,51.432610,-0.080150,SYH,,england
Syon Lane,51.481735,-0.325116,SYL,,england
Syston,52.694089,-1.082525,SYS,,england
Tackley,51.88118,-1.297202,TAC,,england
Tadworth,51.29158,-0.235953,TAD,,england
Taffs Well,51.541246,-3.263882,TAF,,wales
Tain,57.814651,-4.051826,TAI,,scotland
Tal-Y-Cafn,53.228443,-3.818606,TLC,,wales
Talsarnau,52.904289,-4.068213,TAL,,wales
Talybont,52.772900,-4.097088,TLB,,wales
Tame Bridge Parkway,52.552285,-1.976025,TAB,,england
Tamworth,52.63737,-1.687083,TAM,,england
Taplow,51.523528,-0.681474,TAP,,england
Tattenham Corner,51.308765,-0.242456,TAT,,england
Taunton,51.023294,-3.102674,TAU,,england
Taynuilt,56.430852,-5.239816,TAY,,scotland
Teddington,51.424294,-0.332965,TED,,england
Teesside Airport,54.518147,-1.425305,TEA,MME,england
Teignmouth,50.547993,-3.494712,TGM,,england
Telford Central,52.681114,-2.441178,TFC,,england
Templecombe,51.001594,-2.417285,TMC,,england
Tenby,51.672897,-4.707348,TEN,,wales
Teynham,51.333604,0.807051,TEY,,england
Thames Ditton,51.389055,-0.339152,THD,,england
Thanet Parkway,51.330843,1.361777,THP,,england
Thatcham,51.39384,-1.243048,THA,,england
Thatto Heath,53.436585,-2.759419,THH,,england
The Hawthorns,52.505672,-1.965042,THW,,england
The Lakes,52.359097,-1.844654,TLK,,england
Theale,51.433395,-1.074968,THE,,england
Theobalds Grove,51.692162,-0.035216,TEO,,england
Thetford,52.419156,0.745283,TTF,,england
Thirsk,54.228489,-1.372573,THI,,england
Thornaby,54.559189,-1.301696,TBY,,england
Thorne North,53.616329,-0.972006,TNN,,england
Thorne South,53.603345,-0.955256,TNS,,england
Thornford,50.910678,-2.579140,THO,,england
Thornliebank,55.811093,-4.311706,THB,,scotland
Thornton Abbey,53.654316,-0.323024,TNA,,england
Thornton Heath,51.399181,-0.100981,TTH,,england
Thorntonhall,55.768310,-4.250592,THT,,scotland
Thorpe Bay,51.537660,0.761936,TPB,,england
Thorpe Culvert,53.123108,0.19982,TPC,,england
Thorpe-Le-Soken,51.847861,1.160402,TLS,,england
Three Bridges,51.117471,-0.161065,TBD,,england
Three Oaks,50.900962,0.613218,TOK,,england
Thurgarton,53.02924,-0.962157,THU,,england
Thurnscoe,53.545538,-1.308386,THC,,england
Thurso,58.590092,-3.527548,THS,,scotland
Thurston,52.249699,0.808347,TRS,,england
Tilbury Town,51.462879,0.353724,TIL,,england
Tile Hill,52.395191,-1.597282,THL,,england
Tilehurst,51.471333,-1.029754,TLH,,england
Tipton,52.53039,-2.065499,TIP,,england
Tir-Phil,51.72086,-3.246424,TIR,,wales
Tisbury,51.061005,-2.078788,TIS,,england
Tiverton Parkway,50.917477,-3.359979,TVP,,england
Todmorden,53.713612,-2.099977,TOD,,england
Tolworth,51.37677,-0.280098,TOL,,england
Ton Pentre,51.647942,-3.485801,TPN,,wales
Tonbridge,51.191132,0.269715,TON,,england
Tondu,51.547466,-3.595178,TDU,,wales
Tonfanau,52.613789,-4.123919,TNF,,wales
Tonypandy,51.619832,-3.449041,TNP,,wales
Tooting,51.419846,-0.161323,TOO,,england
Topsham,50.685989,-3.4637,TOP,,england
Torquay,50.461051,-3.543030,TQY,,england
Torre,50.472746,-3.546215,TRR,,england
Totnes,50.435623,-3.688317,TOT,,england
Tottenham Court Road,51.515335,-0.132520,TCR,,england
Tottenham Hale,51.588257,-0.059914,TOM,,england
Totton,50.917666,-1.483069,TTN,,england
Town Green,53.542807,-2.9045,TWN,,england
Trafford Park,53.454777,-2.311696,TRA,,england
Trefforest,51.591903,-3.324964,TRF,,wales
Trefforest Estate,51.568161,-3.290238,TRE,,wales
Trehafod,51.609661,-3.380569,TRH,,wales
Treherbert,51.671577,-3.53575,TRB,,wales
Treorchy,51.657437,-3.506037,TRY,,wales
Trimley,51.976652,1.319415,TRM,,england
Tring,51.800327,-0.622253,TRI,,england
Troed-Y-Rhiw,51.712043,-3.346398,TRD,,wales
Troon,55.542742,-4.655523,TRN,,scotland
Trowbridge,51.320006,-2.214331,TRO,,england
Truro,50.263986,-5.064203,TRU,,england
Tulloch,56.883984,-4.701509,TUL,,scotland
Tulse Hill,51.439713,-0.10506,TUH,,england
Tunbridge Wells,51.130119,0.262435,TBW,,england
Turkey Street,51.673233,-0.046969,TUR,,england
Tutbury & Hatton,52.864342,-1.682085,TUT,,england
Tweedbank,55.605858,-2.758996,TWB,,scotland
Twickenham,51.450321,-0.329136,TWI,,england
Twyford,51.475390,-0.863139,TWY,,england
Ty Croes,53.222543,-4.473962,TYC,,wales
Ty Glas,51.521736,-3.197103,TGS,,wales
Tygwyn,52.893747,-4.078596,TYG,,wales
Tyndrum Lower,56.433605,-4.713444,TYL,,scotland
Tyseley,52.453924,-1.838560,TYS,,england
Tywyn,52.585379,-4.093365,TYW,,wales
Uckfield,50.968738,0.096630,UCK,,england
Uddingston,55.823669,-4.086266,UDD,,scotland
Ulceby,53.619457,-0.30063,ULC,,england
Ulleskelf,53.853331,-1.214378,ULL,,england
Ulverston,54.191872,-3.097327,ULV,,england
Umberleigh,50.996704,-3.982228,UMB,,england
University (Birmingham),52.451592,-1.936227,UNI,,england
Uphall,55.919038,-3.501903,UHA,,scotland
Upholland,53.528192,-2.741346,UPL,,england
Upminster,51.559307,0.251938,UPM,,england
Upper Halliford,51.413208,-0.430797,UPH,,england
Upper Holloway,51.563652,-0.129293,UHL,,england
Upper Tyndrum,56.434551,-4.7036,UTY,,scotland
Upper Warlingham,51.308551,-0.077834,UWL,,england
Upton,53.386445,-3.084131,UPT,,england
Upwey,50.64838,-2.466731,UPW,,england
Urmston,53.448203,-2.35344,URM,,england
Uttoxeter,52.896810,-1.856515,UTT,,england
Valley,53.281281,-4.563436,VAL,,wales
Vauxhall,51.485848,-0.122750,VXH,,england
Virginia Water,51.401257,-0.562389,VIR,,england
Waddon,51.367334,-0.117435,WDO,,england
Wadhurst,51.07338,0.312483,WAD,,england
Wainfleet,53.105373,0.234774,WFL,,england
Wakefield Kirkgate,53.67897,-1.488254,WKK,,england
Wakefield Westgate,53.682212,-1.505580,WKF,,england
Walkden,53.519786,-2.395748,WKD,,england
Wallasey Grove Road,53.428049,-3.06982,WLG,,england
Wallasey Village,53.422980,-3.069161,WLV,,england
Wallington,51.360235,-0.150590,WLT,,england
Wallyford,55.940459,-3.014788,WAF,,scotland
Walmer,51.203223,1.382548,WAM,,england
Walsall,52.584282,-1.98521,WSL,,england
Walsden,53.696531,-2.104767,WDN,,england
Waltham Cross,51.684834,-0.026846,WLC,,england
Walthamstow Central,51.583092,-0.019715,WHC,,england
Walthamstow Queens Road,51.581367,-0.024113,WMW,,england
Walton (Merseyside),53.456346,-2.965794,WAO,,england
Walton-On-Thames,51.372876,-0.414308,WAL,,england
Walton-On-The-Naze,51.846603,1.268192,WON,,england
Wanborough,51.244622,-0.667608,WAN,,england
Wandsworth Common,51.446124,-0.163517,WSW,,england
Wandsworth Road,51.469960,-0.138435,WWR,,england
Wandsworth Town,51.460812,-0.187679,WNT,,england
Wanstead Park,51.551761,0.026073,WNP,,england
Wapping,51.504434,-0.056021,WPE,,england
Warblington,50.853382,-0.967163,WBL,,england
Ware,51.808056,-0.028729,WAR,,england
Wareham,50.692878,-2.115328,WRM,,england
Wargrave,51.498217,-0.876589,WGV,,england
Warminster,51.206722,-2.177467,WMN,,england
Warnham,51.0933,-0.329193,WNH,,england
Warrington Bank Quay,53.385937,-2.603178,WBQ,,england
Warrington Central,53.391857,-2.592434,WAC,,england
Warrington West,53.393744,-2.636929,WAW,,england
Warwick,52.286861,-1.582155,WRW,,england
Warwick Parkway,52.286014,-1.612273,WRP,,england
Water Orton,52.518379,-1.743538,WTO,,england
Waterbeach,52.26268,0.196555,WBC,,england
Wateringbury,51.249660,0.422299,WTR,,england
Waterloo (Merseyside),53.474968,-3.025532,WLO,,england
Watford High Street,51.652230,-0.392498,WFH,,england
Watford Junction,51.663945,-0.396111,WFJ,,england
Watford North,51.675087,-0.3903,WFN,,england
Watlington,52.672703,0.382736,WTG,,england
Watton-At-Stone,51.856469,-0.119390,WAS,,england
Waun-Gron Park,51.488302,-3.229690,WNG,,wales
Wavertree Technology Park,53.405132,-2.922964,WAV,,england
Wedgwood,52.951839,-2.171135,WED,,england
Weeley,51.852978,1.115191,WEE,,england
Weeton,53.923285,-1.581299,WET,,england
Welham Green,51.736324,-0.209989,WMG,,england
Welling,51.464966,0.101872,WLI,,england
Wellingborough,52.303867,-0.676496,WEL,,england
Wellington (Shropshire),52.701436,-2.516719,WLN,,england
Welshpool,52.658032,-3.139442,WLP,,wales
Welwyn Garden City,51.800851,-0.203843,WGC,,england
Welwyn North,51.824165,-0.191992,WLW,,england
Wem,52.856293,-2.718784,WEM,,england
Wembley Central,51.552328,-0.296675,WMB,,england
Wembley Stadium,51.553993,-0.284958,WCX,,england
Wemyss Bay,55.876256,-4.889314,WMS,,scotland
Wendover,51.76193,-0.747778,WND,,england
Wennington,54.123531,-2.587517,WNN,,england
West Allerton,53.36912,-2.907,WSA,,england
West Brompton,51.487289,-0.195265,WBP,,england
West Byfleet,51.339394,-0.505468,WBY,,england
West Calder,55.853848,-3.567045,WCL,,scotland
West Croydon,51.378517,-0.101844,WCY,,england
West Drayton,51.509827,-0.472515,WDT,,england
West Dulwich,51.440388,-0.090646,WDU,,england
West Ealing,51.513123,-0.320792,WEA,,england
West Ham,51.528097,0.004568,WEH,,england
West Hampstead,51.547301,-0.192013,WHD,,england
West Hampstead Thameslink,51.548644,-0.1924,WHP,,england
West Horndon,51.567854,0.340680,WHR,,england
West Kilbride,55.696842,-4.851365,WKB,,scotland
West Kirby,53.373171,-3.183771,WKI,,england
West Malling,51.292096,0.418687,WMA,,england
West Norwood,51.431627,-0.103491,WNW,,england
West Ruislip,51.569505,-0.437045,WRU,,england
West Runton,52.935497,1.245516,WRN,,england
West St Leonards,50.853206,0.539964,WLD,,england
West Sutton,51.366261,-0.204484,WSU,,england
West Wickham,51.381514,-0.014733,WWI,,england
West Worthing,50.818111,-0.392983,WWO,,england
Westbury,51.266328,-2.199730,WSB,,england
Westcliff,51.537437,0.692146,WCF,,england
Westcombe Park,51.484240,0.018620,WCB,,england
Westenhanger,51.094922,1.038204,WHA,,england
Wester Hailes,55.914371,-3.283820,WTA,,scotland
Westerfield,52.081097,1.166243,WFI,,england
Westerton,55.904826,-4.335134,WES,,scotland
Westgate-On-Sea,51.381386,1.338402,WGA,,england
Westhoughton,53.555775,-2.523773,WHG,,england
Weston Milton,51.348579,-2.942236,WNM,,england
Weston-Super-Mare,51.34454,-2.972301,WSM,,england
Wetheral,54.883738,-2.831992,WRL,,england
Weybridge,51.361438,-0.458084,WYB,,england
Weymouth,50.615927,-2.454910,WEY,,england
Whaley Bridge,53.330265,-1.984738,WBR,,england
Whalley,53.824165,-2.412186,WHE,,england
Whatstandwell,53.083076,-1.504312,WTS,,england
Whifflet,55.853830,-4.018595,WFF,,scotland
Whimple,50.768253,-3.354243,WHM,,england
Whinhill,55.938396,-4.746744,WNL,,scotland
Whiston,53.413932,-2.796407,WHN,,england
Whitby,54.484324,-0.614535,WTB,,england
Whitchurch (Cardiff),51.520599,-3.222209,WHT,,wales
Whitchurch (Hampshire),51.237646,-1.338742,WCH,,england
Whitchurch (Shropshire),52.968048,-2.671497,WTC,,england
White Hart Lane,51.604622,-0.070759,WHL,,england
White Notley,51.839268,0.595265,WNY,,england
Whitechapel,51.519762,-0.060087,ZLW,,england
Whitecraigs,55.790282,-4.310309,WCR,,scotland
Whitehaven,54.552864,-3.586843,WTH,,england
Whitland,51.817989,-4.614454,WTL,,wales
Whitley Bridge,53.699129,-1.158890,WBD,,england
Whitlocks End,52.3918,-1.851545,WTE,,england
Whitstable,51.357686,1.034365,WHI,,england
Whittlesea,52.549577,-0.118087,WLE,,england
Whittlesford Parkway,52.103574,0.165736,WLF,,england
Whitton,51.449498,-0.357782,WTN,,england
Whitwell,53.279966,-1.200236,WWL,,england
Whyteleafe,51.309921,-0.081016,WHY,,england
Whyteleafe South,51.303474,-0.077684,WHS,,england
Wick,58.441788,-3.097965,WCK,,scotland
Wickford,51.615025,0.519052,WIC,,england
Wickham Market,52.151421,1.398685,WCM,,england
Widdrington,55.241428,-1.61623,WDD,,england
Widnes,53.37849,-2.733556,WID,,england
Widney Manor,52.396175,-1.773647,WMR,,england
Wigan North Western,53.543400,-2.632996,WGN,,england
Wigan Wallgate,53.545353,-2.633814,WGW,,england
Wigton,54.829365,-3.164373,WGT,,england
Wildmill,51.519805,-3.580272,WMI,,wales
Willesden Junction,51.5322,-0.2435,WIJ,,england
Williamwood,55.79398,-4.290462,WLM,,scotland
Willington,52.853379,-1.564104,WIL,,england
Wilmcote,52.222618,-1.755493,WMC,,england
Wilmslow,53.327099,-2.226009,WML,,england
Wilnecote,52.610817,-1.679499,WNE,,england
Wimbledon,51.422025,-0.205211,WIM,,england
Wimbledon Chase,51.410247,-0.214788,WBO,,england
Winchelsea,50.933913,0.702519,WSE,,england
Winchester,51.067303,-1.320628,WIN,,england
Winchfield,51.284481,-0.90733,WNF,,england
Winchmore Hill,51.633896,-0.101314,WIH,,england
Windermere,54.379490,-2.903305,WDM,,england
Windsor & Eton Central,51.483274,-0.610564,WNC,,england
Windsor & Eton Riverside,51.486309,-0.605804,WNR,,england
Winnersh,51.430779,-0.87795,WNS,,england
Winnersh Triangle,51.436767,-0.891830,WTI,,england
Winsford,53.190505,-2.494669,WSF,,england
Wishaw,55.772201,-3.926309,WSH,,scotland
Willenhall,52.581920,-2.054750,WIA,,england
Witham,51.805924,0.639427,WTM,,england
Witley,51.133101,-0.645979,WTY,,england
Witton,52.512194,-1.883933,WTT,,england
Wivelsfield,50.964361,-0.120721,WVF,,england
Wivenhoe,51.856598,0.956241,WIV,,england
Woburn Sands,52.01817,-0.654073,WOB,,england
Woking,51.31847,-0.557814,WOK,,england
Wokingham,51.411904,-0.842981,WKM,,england
Woldingham,51.289547,-0.051013,WOH,,england
Wolverhampton,52.587988,-2.120242,WVH,,england
Wolverton,52.065978,-0.804760,WOL,,england
Wombwell,53.517447,-1.416302,WOM,,england
Wood End,52.344143,-1.844372,WDE,,england
Wood Street,51.587284,-0.00221,WST,,england
Woodbridge,52.090296,1.317886,WDB,,england
Woodgrange Park,51.549168,0.044728,WGR,,england
Woodhall,55.931438,-4.656635,WDL,,scotland
Woodhouse,53.363796,-1.357369,WDH,,england
Woodlesford,53.756969,-1.443328,WDS,,england
Woodley,53.429245,-2.093275,WLY,,england
Woodmansterne,51.319051,-0.153882,WME,,england
Woodsmoor,53.386055,-2.1413,WSR,,england
Wool,50.68148,-2.220775,WOO,,england
Woolston,50.899042,-1.376647,WLS,,england
Woolwich,51.491954,0.070615,WWC,,england
Woolwich Arsenal,51.489815,0.069883,WWA,,england
Woolwich Dockyard,51.491092,0.054882,WWD,,england
Wootton Wawen,52.265831,-1.784561,WWW,,england
Worcester Foregate Street,52.195312,-2.220777,WOF,,england
Worcester Park,51.381649,-0.245415,WCP,,england
Worcester Shrub Hill,52.195031,-2.209328,WOS,,england
Worcestershire Parkway,52.15622,-2.1597,WOP,,england
Workington,54.645061,-3.558626,WKG,,england
Worksop,53.311597,-1.122858,WRK,,england
Worle,51.357995,-2.909703,WOR,,england
Worplesdon,51.287885,-0.582421,WPL,,england
Worstead,52.777256,1.404282,WRT,,england
Worthing,50.818768,-0.375924,WRH,,england
Wrabness,51.939528,1.171689,WRB,,england
Wraysbury,51.457661,-0.541906,WRY,,england
Wrenbury,53.019311,-2.596089,WRE,,england
Wressle,53.772826,-0.923672,WRS,,england
Wrexham Central,53.046336,-2.999625,WXC,,wales
Wrexham General,53.050570,-3.001516,WRX,,wales
Wye,51.185463,0.929188,WYE,,england
Wylam,54.974991,-1.814058,WYM,,england
Wylde Green,52.545599,-1.831461,WYL,,england
Wymondham,52.565351,1.118135,WMD,,england
Wythall,52.380125,-1.865456,WYT,,england
Yalding,51.226665,0.412162,YAL,,england
Yardley Wood,52.421023,-1.854560,YRD,,england
Yarm,54.493763,-1.351467,YRM,,england
Yate,51.541399,-2.432173,YAE,,england
Yatton,51.390965,-2.827815,YAT,,england
Yeoford,50.77684,-3.726109,YEO,,england
Yeovil Junction,50.924814,-2.612245,YVJ,,england
Yeovil Pen Mill,50.944466,-2.613461,YVP,,england
Yetminster,50.895702,-2.573802,YET,,england
Ynyswen,51.664951,-3.521487,YNW,,wales
Yoker,55.892792,-4.387464,YOK,,scotland
York,53.957966,-1.093159,YRK,,england
Yorton,52.809009,-2.73645,YRT,,england
Ystrad Mynach,51.640485,-3.241838,YSM,,wales
Ystrad Rhondda,51.643619,-3.466943,YSR,,wales
